date,bsadf,cv90,cv95,cv99,cv95_wb,y
1993-01-31,-inf,,,,,-0.090559577045727
1993-02-28,-inf,,,,,-0.09188991139952689
1993-03-31,-inf,,,,,-0.08496728224956396
1993-04-30,-inf,,,,,-0.07590227978788634
1993-05-31,-inf,,,,,-0.03892383251832079
1993-06-30,-inf,,,,,-0.009438979360932603
1993-07-31,-inf,,,,,0.006134988567515929
1993-08-31,-inf,,,,,-0.009113987137706317
1993-09-30,-inf,,,,,-0.030366705775930414
1993-10-31,-inf,,,,,-0.0609325509951575
1993-11-30,-inf,,,,,-0.04400710072883252
1993-12-31,-inf,,,,,-0.030290542467913583
1994-01-31,-inf,,,,,0.02634206876009132
1994-02-28,-inf,,,,,0.05148195583514341
1994-03-31,-inf,,,,,0.10498835339078434
1994-04-30,-inf,,,,,0.009349834368326194
1994-05-31,-inf,,,,,-0.028889009852137156
1994-06-30,-inf,,,,,-0.033872840382092026
1994-07-31,-inf,,,,,-0.07936652940718887
1994-08-31,-inf,,,,,-0.05052834598426464
1994-09-30,-inf,,,,,-0.06006809654341321
1994-10-31,-inf,,,,,-0.06303910991095245
1994-11-30,-inf,,,,,-0.0703807967617995
1994-12-31,-inf,,,,,-0.11808574490646254
1995-01-31,-inf,,,,,-0.1092619859244495
1995-02-28,-inf,,,,,-0.08277644365706822
1995-03-31,-inf,,,,,-0.08295786515644721
1995-04-30,-inf,,,,,-0.07682957894775089
1995-05-31,-inf,,,,,-0.11079531164378333
1995-06-30,-inf,,,,,-0.1216776803251138
1995-07-31,-inf,,,,,-0.13270868587305906
1995-08-31,-inf,,,,,-0.13934777794596248
1995-09-30,-inf,,,,,-0.163945077419546
1995-10-31,-inf,,,,,-0.16008541534707282
1995-11-30,-inf,,,,,-0.1289180543465337
1995-12-31,-inf,,,,,-0.1075717360944491
1996-01-31,-inf,,,,,-0.09944954411420137
1996-02-29,-inf,,,,,-0.0745686954975085
1996-03-31,-inf,,,,,-0.033132934852433495
1996-04-30,-2.0453892210083615,-0.3579841803097966,0.04605024809200116,0.7228543359185345,-0.46471472990330925,-0.038499942927641084
1996-05-31,-2.0316708185732524,-0.3029433938320685,0.06526562659469974,0.7917017343661716,-0.5312720169187287,-0.039728886281859215
1996-06-30,-1.9566792416740528,-0.28334767830851093,0.10188009362331343,0.8978388803169826,-0.541624948181251,-0.020654779030746025
1996-07-31,-1.9809632736564846,-0.23758003280057602,0.1564317548084557,1.006413440003005,-0.48014103409021,-0.04354080828328833
1996-08-31,-1.8664387974575156,-0.20575346019083313,0.10842003501340279,0.7895491570424883,-0.31379669410434585,-0.0143765689672582
1996-09-30,-1.9229569604593262,-0.193866779253422,0.15752102811210641,1.0273866966055363,-0.3036935914726784,-0.025063968663216276
1996-10-31,-1.6670568378092587,-0.20628968951830065,0.19162052038461214,0.9142378827565728,-0.33935039365342934,0.013906154565009812
1996-11-30,-1.3530733104776729,-0.14745088535336714,0.2387040590972064,0.9182465408121455,-0.3648075723609438,0.049649908643820566
1996-12-31,-0.8858526941215801,-0.10051065467373863,0.21125732223935453,0.9648478321193501,-0.12092062825277088,0.09182184732502795
1997-01-31,-0.7115145812598531,-0.0957409439501135,0.28830884948079555,1.0343280671349973,-0.08234119797022395,0.11341278134472772
1997-02-28,0.14466916335549784,-0.11438240470691047,0.2522393356559799,1.1623551554342106,0.15235151296352828,0.18765005078431818
1997-03-31,0.4226524772413479,-0.14716253847025057,0.2179878676691174,0.9574593140297136,0.103939116108725,0.23134602707923166
1997-04-30,-0.6045795563334562,-0.09158786793507062,0.2558483532418807,0.9098502902531806,0.3555549979554538,0.17344388276193726
1997-05-31,0.626114074207699,-0.13436415673741045,0.2524668526622477,1.0215773859464008,0.4658067372886892,0.2536386594259866
1997-06-30,0.7475174855362766,-0.1538071867755213,0.2087218510793579,0.9853044728759812,0.4553719448003854,0.24073931320458938
1997-07-31,0.16770882281133478,-0.12460182446870612,0.2177047984519979,1.0021423117856276,1.1021769878434968,0.18615665257789696
1997-08-31,0.33303887031646473,-0.15358789424352784,0.23928896309432607,0.9569920462840157,0.8628924222632558,0.20633643299782858
1997-09-30,0.2651426030015118,-0.13332243127816248,0.20672592346283464,0.9200054238612421,0.6674476622173273,0.20524826034785687
1997-10-31,0.2961944243185673,-0.13268282806746923,0.17617566785986144,0.7958253763630946,0.5484743278517482,0.21608351190348474
1997-11-30,-0.27963129094207756,-0.06978712904262512,0.21435495850386163,0.7589665125912134,0.5923177324982862,0.1539430170708274
1997-12-31,-0.47363272038750315,-0.06923277667582832,0.24733925500653997,0.7506030877752721,0.5667660685423191,0.1359305817425042
1998-01-31,-0.7044480734940048,-0.060238997877588296,0.20324027331125089,0.8025640267291976,0.6531920737274047,0.09482317245480303
1998-02-28,-0.7065455685984418,-0.09323601823110704,0.25190844073529833,0.6923069938657385,0.50641413336092,0.0975821585015929
1998-03-31,-0.5136174227473482,-0.09854924135151313,0.21763715070567413,0.7637163409821274,0.6387677750359407,0.1557140257051634
1998-04-30,-0.6586409045244961,-0.08968865190577498,0.2569469179955954,0.8513290709067185,0.579807832790814,0.11927334889794253
1998-05-31,-0.8728871474825739,-0.08246655410935876,0.3145086448318078,0.8002012113537779,0.7889889415363961,0.07230106929506708
1998-06-30,-1.071932931432519,-0.08328697759762747,0.24085010395676576,0.8232150828576358,1.1056172479048272,-0.023716526617316044
1998-07-31,-1.0777038637548433,-0.11391433413431888,0.26683071498946775,0.9305602722293511,0.8688245252993922,-0.017439634285356078
1998-08-31,-1.0813859682437479,-0.07636607872946223,0.21434549993546695,0.9221901523838144,0.646395431489921,-0.022706746626133863
1998-09-30,-1.0499706407712683,-0.13927102689432752,0.208898447781126,0.8098406802049251,0.6429885472844116,-0.053372349927138546
1998-10-31,-1.0355845383984388,-0.13867591298119222,0.2468427221063845,0.8150463097511114,0.6372454904565852,-0.06871389254805192
1998-11-30,-1.1647749851010096,-0.057380027224525246,0.26683089429339735,0.941033803855048,0.6029026721463261,-0.0019920325312406525
1998-12-31,-1.213024831462482,-0.08983281873823837,0.2958362216803461,0.9332551583278247,0.6205337180567321,0.035023034789563104
1999-01-31,-1.2256241448231067,-0.09026318505763997,0.24121168853654135,0.9612935465105611,0.5247862202459016,0.01749315744751712
1999-02-28,-1.2404667024518734,-0.042352132306602217,0.31116406679021913,1.1016483152486996,0.44756909700156866,0.00985229644301164
1999-03-31,-1.2523078643031766,-0.010341174698044063,0.32877859785757446,1.067387421920804,0.3824804394444671,0.00789737569495094
1999-04-30,-1.2637941064836833,-0.039846512961986956,0.33379729980358885,0.9148414340182074,0.31339738812403745,0.013820555618632316
1999-05-31,-1.274296281257035,0.06347312281114789,0.388344964408647,1.0586879772728148,0.24607542476818628,0.023599915340873506
1999-06-30,-1.2872621487589102,0.07638374755635403,0.38133962113336206,1.1919268634322253,0.2147565027018691,0.01775194545845032
1999-07-31,-1.3008734477153479,0.06894794581654587,0.44644349488831686,1.092899409719729,0.18628074860004937,0.00889773541986479
1999-08-31,-1.3122806487144905,0.07155139271854984,0.4629054170946073,1.248887322258207,0.1308367924001157,0.002989538848365986
1999-09-30,-1.30965670417945,0.07525036441314958,0.47544645088928705,1.1241404863107423,0.17674786741459175,-0.027426808020139148
1999-10-31,-1.315994767864004,0.026914649985541984,0.413982102373141,1.1242305037010039,0.1134190262839402,-0.03487532931401227
1999-11-30,-1.329756195135865,0.03759670447303449,0.4259378438034266,1.165861467161416,0.0824218727741511,-0.032345021009077664
1999-12-31,-1.3316383629927038,0.005347897733565216,0.38518241878058457,1.0533816397909097,0.015775490927831905,-0.014523076838370615
2000-01-31,-1.2504385265174067,0.015252400361558678,0.3505668480767809,0.9651766965440335,0.007741181607293838,-0.005115100666770377
2000-02-29,-1.1944791087186917,-0.002227740023139995,0.3566927933928621,0.8584999531581083,-0.04171269731811223,-0.001025115415245297
2000-03-31,-1.0870475998514961,0.02138195105978548,0.370024440874576,0.9257491371987118,0.024982881309409496,-0.02895755591116096
2000-04-30,-1.0186048926620446,0.05166461784085752,0.43566565039676114,1.024713968103974,0.012524540340611168,-0.051878852414449256
2000-05-31,-0.864938401337755,0.015205099038800522,0.3749642336451263,1.1630643413162711,0.10300949580556996,-0.08691908775510351
2000-06-30,-0.6597199244248398,0.018030017305825336,0.3881672872057586,1.1061897219666212,0.07563077316101208,-0.12755426279522933
2000-07-31,-0.7802435599831825,-0.02167063074718378,0.33085243872760145,1.0355535407236212,0.03641069673089624,-0.1164991736235699
2000-08-31,-0.8035321445670462,-0.07421154229661202,0.3417652127219256,1.0702153902680684,0.018300696520299704,-0.11472024612583767
2000-09-30,-0.8549495568815134,-0.015990948462827212,0.31120968864911297,0.9857888876759054,-0.001214567980650913,-0.1094338410454621
2000-10-31,-0.7657638326102997,-0.04541170194702323,0.3435750510275288,1.029899089324259,-0.0003125989397176152,-0.1241484295234595
2000-11-30,-0.540871328236549,-0.029290613969684864,0.37199617524032585,1.0576539216221559,-0.06661558075658333,-0.16281757068261354
2000-12-31,-0.4718964508614308,-0.013982707555879681,0.2792117086725019,1.072468376179205,-0.03229591837776524,-0.18069023506187054
2001-01-31,-0.44185377079145577,-0.006430562955523638,0.26038557968730786,1.0217646487329628,-0.08478416495990906,-0.19013891814314363
2001-02-28,-0.41384158241952557,-0.002414357610485376,0.3256324655823377,0.9752372479498418,-0.10042942544420287,-0.19840106216830275
2001-03-31,-0.6375467692372075,0.017946476368587566,0.3495158707855952,0.992210600321018,-0.1045421234622924,-0.17396354259035465
2001-04-30,-0.6619504313284447,0.013612834222527154,0.3341337391949228,1.117835060147558,-0.11911786697513285,-0.17069707594166728
2001-05-31,-0.5710835451958095,0.03846942652934574,0.29582069393060595,1.0270530385191616,-0.07233449583659705,-0.1864537940788651
2001-06-30,-0.6772119024502431,0.008341399241266144,0.32095042412323443,1.0709484977711101,-0.13677481195891103,-0.17425449473963373
2001-07-31,-0.657486688063134,0.05823019252872497,0.31343746364277186,0.9254426075792286,-0.13558502931631847,-0.17773917010434595
2001-08-31,-0.25731023107227513,0.05508972035200441,0.3020553857260568,0.8526292505468668,-0.07309324255000484,-0.19707419526899284
2001-09-30,-0.23195392163595613,0.05582677561427745,0.38892482383341503,0.8783543376468771,-0.060242283567047604,-0.20536995223024557
2001-10-31,0.04585716760666403,0.025734214015541178,0.3084768883321669,0.9232964846368719,-0.06554845972862502,-0.23147581293275588
2001-11-30,-0.27868099553442294,0.04805196199618063,0.3015379146273568,0.8896283878777559,-0.04936534247814714,-0.21550576186609222
2001-12-31,-0.5751426063545584,0.0760195224980511,0.2876287824281891,0.8237213286037437,0.07322616232542987,-0.19287989367438285
2002-01-31,-0.7369172381892798,0.05952787396744998,0.3296239602277241,0.9119473487206656,0.12447463628180133,-0.1753245753078731
2002-02-28,-0.7893759162779923,0.005450357198939901,0.3559260277665155,1.00929912215095,0.16674440713955005,-0.1677824547073337
2002-03-31,-0.8113283145094495,0.0342294057787596,0.331089417370761,1.0953087758943651,0.13779055627712825,-0.16558380504522788
2002-04-30,-0.7691317248852793,0.04055747031837295,0.3308670171762115,1.0892721670752268,0.10082680764235755,-0.17352316708878873
2002-05-31,-0.9078583552511561,0.04652359138533801,0.3909355497909837,1.1076050961535893,0.14749544242407575,-0.15572796722050677
2002-06-30,-0.908069868054845,0.08917581153846725,0.40953702037098955,1.1766676007164336,0.0961893043910243,-0.1543493487461595
2002-07-31,-0.8912638108847148,0.05172505087122541,0.42425116369522803,1.193753365794216,0.08362983211390292,-0.15997691428908106
2002-08-31,-0.724844456640777,0.09405774537240807,0.3931144207163628,1.1114000716002457,0.00703161169492278,-0.19130983545290137
2002-09-30,-0.7279608041828765,0.05679308278194949,0.4234172484974667,1.0389910156604842,-0.020140123892619356,-0.1991703200869166
2002-10-31,-0.7388836741064997,0.10080616602853408,0.4678165182323829,1.2106006213721106,-0.06657661655387026,-0.20150437621072845
2002-11-30,-0.8101116744280072,0.12067907300734251,0.4207637248943122,1.0738446322686246,-0.08444683614031655,-0.1947883255590847
2002-12-31,-0.8673901474092514,0.08824441670030334,0.40903062605524476,1.2149651818175728,-0.0839265415656321,-0.1828358278261169
2003-01-31,-0.808683841038869,0.12487790157123349,0.4860834705789276,1.2276693690071625,-0.03236905925886292,-0.1950804852472997
2003-02-28,-0.8576729691884393,0.07715606175480762,0.5346201500285482,1.0997023455267598,-0.07564429611864538,-0.18651883472929462
2003-03-31,-0.7040404229992857,0.07500623207168576,0.37623007502709177,1.2286752643895587,-0.008541939246417262,-0.2165861507680506
2003-04-30,-0.7359367293330908,0.07485945869473974,0.4155239862518336,1.2769980962773757,-0.026144379433215938,-0.21883676976905203
2003-05-31,-0.7956814035279668,0.07087244887400787,0.44717312017145494,1.3059785412845901,-0.0071631858435955405,-0.20795338582023448
2003-06-30,-0.839760647534298,0.07911677051576857,0.42603558556811333,1.2049920487691215,-0.037886414603496545,-0.19821482316103928
2003-07-31,-0.7768066700791776,0.08470781015088677,0.42249271304628355,1.1861386444165363,-0.008650292910580512,-0.21212415606459925
2003-08-31,-0.8109725741522991,0.14557672059968518,0.4498758090259803,1.1568210661834275,-0.04180142184607592,-0.20731934770793636
2003-09-30,-1.01604071256812,0.10858898574569405,0.4463522445680123,1.0004850165745343,0.30931496082838333,-0.1576631527043989
2003-10-31,-1.1159293035750029,0.11700168307387547,0.49902345441780666,1.105650983630323,0.521171724861607,-0.12302688616239446
2003-11-30,-1.1221637146940524,0.1861844878215333,0.5351130824964867,1.0456461746152954,0.4513964583122106,-0.11726449792114536
2003-12-31,-1.1489417357090945,0.20837293341360577,0.5489991166621159,1.1699131451400564,0.4370163090248171,-0.10444266336759726
2004-01-31,-0.6082775222502984,0.1375556984654846,0.45666102122907626,1.0657073111098383,0.699563447389173,-0.061386075383409754
2004-02-29,0.3127966822714676,0.12379811017976153,0.44075022137896447,1.1381060665933078,1.3270021907127711,-0.01626052087178029
2004-03-31,0.9182761806188902,0.09252499583374649,0.3899667084831985,1.0042976123502563,1.4171694706963487,0.02725671655930923
2004-04-30,0.19300032323767982,0.06606016369082147,0.33949129084738455,1.0534132574001969,1.1466501470367667,0.030692946399406198
2004-05-31,-0.9225341350126034,0.08606783216087767,0.4341768679951234,1.086882292263688,0.9161879796846253,0.0025839807659250678
2004-06-30,-1.3585589876759656,0.12896706317491416,0.42573289158708166,1.0381034000036995,1.2545193380336381,-0.043228734550820075
2004-07-31,-1.0959747232961186,0.10518306270931788,0.44070131324799716,0.9578293475432299,1.0314687190477068,-0.039272062353528765
2004-08-31,-0.6982983554000862,0.1547853918896794,0.46278296433698846,0.9895933179731333,0.9676546355601069,-0.01025650016718922
2004-09-30,-0.4898485464984471,0.15054087134301983,0.4720414999960155,0.8906183827893359,0.9906705828681062,0.018715455811356002
2004-10-31,-0.142214713036361,0.15928956274978534,0.4607749872495594,1.064845308239977,1.0038939372167432,0.056249545318616145
2004-11-30,-0.8661399709275899,0.14320180165556456,0.44412832841428135,1.1509544805872467,1.0288099149187475,0.026962417605128037
2004-12-31,-0.5255401391813241,0.12652173744190373,0.5001265777278818,1.131058593162962,0.8450840896348041,0.032949899660214436
2005-01-31,-0.4005228833995226,0.12727983199365958,0.4571486275037488,1.1674860772210947,0.6832380544599596,0.04535383474471042
2005-02-28,0.026219893064581782,0.16594808605523464,0.4363615219907713,1.0011081357645377,0.8620822681316418,0.0827495744964445
2005-03-31,0.3667838477064254,0.1305746686626757,0.3979886257010141,0.9630649994604354,1.1611755346609258,0.12720892688503557
2005-04-30,-0.050287747256355535,0.12378119930229456,0.4406100737697159,1.1567345853210478,0.8783753610623527,0.12014431184206341
2005-05-31,-0.3069413914112527,0.14354067420130132,0.4273336139696776,1.0191033580980633,0.8328640625538436,0.10617698505642227
2005-06-30,-0.7605922195691679,0.13749973871346544,0.416857355374093,0.9862380700970798,0.7562399356835903,0.07369404773041065
2005-07-31,-0.7907522724883912,0.1163418200575147,0.45546288877236896,1.0280244803816756,0.7189179976262795,0.05880784642858607
2005-08-31,-0.6408121092270368,0.15623976479186455,0.4698948816668021,0.8861266135894422,0.6188954824541689,0.06716888557314633
2005-09-30,-0.8623336157986177,0.12501995719977257,0.4457097835256777,0.8490165684945128,0.5897244332885107,0.04905615698919421
2005-10-31,-1.0660619886533176,0.14339579976841252,0.4660775166944224,0.8719455544543013,0.6354919023360295,0.02091435614887012
2005-11-30,-1.2633850949932635,0.1561283651182438,0.39556776475107525,0.8938883062275477,0.7334221227720257,-0.01680711831638129
2005-12-31,-1.0296835242797284,0.19103693832048685,0.49234384520172686,0.9169204579977728,0.790471512538162,0.004449395549541646
2006-01-31,-1.011964118915327,0.19327139810681163,0.4876875971549547,1.0435161043103038,0.6486805490292653,0.018899951130484007
2006-02-28,-1.0580341005038814,0.16793678415316704,0.4828611927172621,0.8847785120569256,0.5660075633530551,0.018837122086444023
2006-03-31,-0.9558666972151383,0.18829458564970666,0.4621652538675267,1.000465138157661,0.47176569326235396,0.03628765376968027
2006-04-30,-1.0794682026927855,0.14597955339496949,0.47186602421220836,0.9471933723956432,0.4447005592792629,0.024933540968884383
2006-05-31,-1.0095537996349155,0.12152702042558967,0.4410446813924535,0.9540537162745966,0.4130815723553553,0.032435275753153955
2006-06-30,-1.1268043473467482,0.15747074444306206,0.478837432927458,0.9463829154111594,0.38683427933490666,0.01748678438771559
2006-07-31,-1.1863448711964328,0.16607226333680195,0.46067956430122065,0.9505350686608812,0.37036804533075807,0.0032697576815569284
2006-08-31,-1.1118482304374322,0.12443423430520233,0.41713004442978235,1.1055074464050691,0.2414516559779751,0.011898463791614518
2006-09-30,-1.1777795659374108,0.11189871113050023,0.4593107697067405,1.0745692212278362,0.27619877862874365,0.003220614700042157
2006-10-31,-1.2049621906417443,0.13605423360771615,0.4288927882762053,1.091983912055577,0.17482663254166314,-0.004287252011620035
2006-11-30,-1.2416862290950397,0.09231844486877408,0.4288238213638981,1.0525390201529783,0.1769251433430722,-0.013881696486155861
2006-12-31,-1.2141948681708916,0.12827535586518923,0.4432518976870203,1.0016330162735234,0.15237133997596441,-0.009549144179853619
2007-01-31,-1.1991691658935189,0.1250250431003504,0.5055428954771365,1.0314377921664524,0.1045613633808321,-0.0020986366569212492
2007-02-28,-1.165584848827328,0.14247978903620792,0.4681890273916739,1.0468644116672399,0.2000085900519669,0.01040592116111682
2007-03-31,-1.195934074025097,0.11352334418731283,0.437413083146706,0.9398242390773184,0.17100973708367914,0.010267030639744195
2007-04-30,-1.2370582803423398,0.10793960148748045,0.4541364872624222,0.9770142134718595,0.13079111220910963,0.003044142381228052
2007-05-31,-1.2156327731558707,0.08992488860498388,0.4636160149028181,1.0860792145306999,0.11093451073917118,0.005988041844622472
2007-06-30,-1.2056233301148074,0.1618744854439378,0.4774265165242275,1.2108350909472971,0.0692559414252059,0.010885807645251004
2007-07-31,-1.2566818339068053,0.14943519397016541,0.4444741408098616,1.0456178497198891,0.03438316929638502,0.0029225544426018666
2007-08-31,-1.2533993845385178,0.1530194343065382,0.456198687496874,1.0112570774438385,0.008350499986731937,0.001924928409584418
2007-09-30,-1.2422029226041942,0.17157627943097187,0.4701198857302235,1.0068595950281656,-0.01243373747102135,0.005714301263438635
2007-10-31,-1.184333644916717,0.1261808764384758,0.47152535223517716,1.0617066772552872,0.00856974773605478,0.021426064172675677
2007-11-30,-1.089057747896869,0.13241915320127706,0.4578400222313724,1.2392167672434071,0.05576490495533925,0.04790794090974091
2007-12-31,-1.033826656475056,0.14152507667109515,0.4649425010424036,1.2260149806476,0.08783587774892387,0.06935644175090898
2008-01-31,-0.958027396011948,0.1473374150638495,0.4798555440352501,1.2966850136991799,0.07433010229259868,0.0899673353938295
2008-02-29,-1.0663323066862012,0.15320232792416072,0.47335539921273867,1.1946888754735618,0.05002348778392512,0.08476833129682534
2008-03-31,-1.202140442100324,0.12983824888801077,0.5273677385106809,1.1805072663657747,0.08681060608723579,0.06622771072841602
2008-04-30,-1.236931980251559,0.11785809181110797,0.5502816159963574,1.1718913803250992,0.08627388211559517,0.05437912948267428
2008-05-31,-1.2739384690117703,0.10889507840614357,0.5364348568115941,1.199830404442806,0.12440746655196418,0.04448772409201015
2008-06-30,-1.2742232972891756,0.1451462255478287,0.5566611141651806,1.11468727255469,0.10843659803410599,0.041118246929472545
2008-07-31,-1.352239913675754,0.15527014696135807,0.5177818988877445,1.278037616059944,0.14785728518318106,0.025954417138050433
2008-08-31,-1.3817726918176017,0.16963619880535147,0.4932154112315501,1.1105759049026274,0.10329049553464643,0.014754366012942765
2008-09-30,-1.315602495342877,0.21627713741464216,0.5714123942640695,1.1250356439676414,0.08417574337842264,0.02575962955868136
2008-10-31,-1.4417834434024945,0.20395658903345681,0.5309952606414211,1.0823435486844135,0.42368209925161876,-0.005235614053945052
2008-11-30,-1.4485684550653313,0.22016945306017696,0.457872768325796,1.110947189402646,0.49059266380658234,-0.01795041112384285
2008-12-31,-1.1187814845452417,0.21808966323982618,0.437640109529786,1.0919398362503627,1.3050370065373171,0.06504755652652144
2009-01-31,-1.0577735120859462,0.20558570384684918,0.4660241688614784,1.0429209349304038,1.6454111939467089,0.11568439899946212
2009-02-28,-1.072560123066345,0.1714748309827341,0.48901396230692884,1.1138409084808707,1.4493247444636288,0.13485747689257938
2009-03-31,-0.9454947134734246,0.15222585765132343,0.5402658470435276,1.0294281538336199,1.1987450234447854,0.1584333416192591
2009-04-30,-0.6371766158058358,0.1390573964175728,0.42410842317782005,1.0005593939745279,1.1928660637270387,0.1886910050794344
2009-05-31,-0.6968484726979131,0.15891020650572493,0.5106091322560294,0.9831632599012687,1.0207123042509065,0.19838824083360174
2009-06-30,-0.5825598589622686,0.20678794281982033,0.5256750241068997,1.0024791509805944,0.8434215035156476,0.20554538895045685
2009-07-31,-0.2392925216113655,0.16112979093927132,0.4545431455150737,1.0415946397688578,0.8635563387188541,0.221935578548033
2009-08-31,-0.4713177069572127,0.16284074502962403,0.45065277026042533,1.0064508413758109,0.7477785051442429,0.220400065368459
2009-09-30,-0.7353332920448384,0.1724957114604554,0.4431817053900144,0.9625524114379903,0.6865528465100423,0.20900228756929187
2009-10-31,-0.5995071622554464,0.11857871369300697,0.43626313710710113,1.0999458689742867,0.6040388570037867,0.21050545044152746
2009-11-30,-1.00760630209848,0.16021450943172288,0.4856454756719517,1.15102790622801,0.49862958848933037,0.1882346966069949
2009-12-31,-0.6125589267471137,0.19959747577046996,0.5047999622489403,1.154070110381696,0.44390761071093854,0.201661039687684
2010-01-31,-0.40256132501427194,0.239408449406396,0.5369046862164146,1.1300805756464056,0.49501484486860703,0.22350514958247816
2010-02-28,-0.4192782265789939,0.19479004460182045,0.5360239697731525,1.0828702943735062,0.44005652449943894,0.23260537322016978
2010-03-31,-0.5333147110227556,0.20875284722766352,0.5638129385241093,1.0979508904239912,0.3972898672869583,0.23031705771238345
2010-04-30,-0.4668308773915353,0.14926968627074325,0.5315935749345545,1.2142482008716877,0.31585986071584626,0.23498003910684498
2010-05-31,-0.8631248603759252,0.1734357174228264,0.49930769311259104,1.2259475031851157,0.3650572274837678,0.20985771460255997
2010-06-30,-0.7589719851902301,0.17916559139158766,0.545090891300148,1.1874849191040424,0.3033244782569763,0.20811075407596127
2010-07-31,-0.4881795773816336,0.18721845548551724,0.5649844092444676,1.290887171386373,0.25519717917792717,0.23177287801226434
2010-08-31,-0.5185560371404856,0.27886014674038456,0.6081323491369824,1.2045891410999254,0.23886217709290458,0.23957871093559707
2010-09-30,-0.6585939644226012,0.2586686824976883,0.5683325113345199,1.2004511764725871,0.24874810660061625,0.23263754812294415
2010-10-31,-0.5490963752467359,0.23994348843875177,0.5706159253288046,1.114871333036516,0.2249326176239563,0.2401411276827808
2010-11-30,-0.4863336027991985,0.21526412557395241,0.5767127916155006,1.0399230453157378,0.19122837341388993,0.2499191197786084
2010-12-31,-0.589935395368907,0.21564188703777773,0.523112576160263,0.9029874151232926,0.1654875670404479,0.24641845766869924
2011-01-31,-0.023775036509152022,0.2005430121388776,0.4849556845326494,0.9359238248424082,0.3851470672023665,0.29340144510774785
2011-02-28,0.09420946495288694,0.259364044066981,0.4432195157301504,0.9303563522157863,0.3775226010117225,0.32385377266200144
2011-03-31,-0.0961393972005859,0.24814999913377897,0.5473110210000441,1.0745215252901366,0.32462600610183934,0.3234102842517797
2011-04-30,-0.004521573045021635,0.23955478457428936,0.5381105309350915,0.974159510545718,0.27524004846654365,0.3321173032278402
2011-05-31,-0.07624868086436688,0.2368462712705399,0.5198492153945921,0.9074511752898069,0.21913498912333898,0.3326066675427352
2011-06-30,-0.2903373467355833,0.28715753019624224,0.5163580559873379,1.0071765141788407,0.2508307875115566,0.3199167891702951
2011-07-31,-0.5135002881757399,0.2703201873086578,0.4968609371435156,1.0844783245449297,0.1879941235700202,0.30088656927356444
2011-08-31,-0.5291111570835295,0.24694008233862633,0.5101368822887034,0.9454233790423164,0.19527179341946793,0.2940255463739559
2011-09-30,-0.43557786135943544,0.23436207362078748,0.5443793297846832,0.965398946508843,0.17215696595212646,0.3014255075781748
2011-10-31,-0.6241250476261346,0.24462894891297532,0.5584934783541464,1.0249610521378885,0.11441851665407184,0.28622752674078655
2011-11-30,-0.5905213900423537,0.26385946928279935,0.5146524172212505,0.990842962785691,0.09400228628684149,0.284755954782392
2011-12-31,-0.5628314806235389,0.28174859982560996,0.51896856162937,1.102399086681251,0.08146090360198005,0.2878661497647719
2012-01-31,-0.4684612506484325,0.28158621245438387,0.5666497753807939,1.1278357761097042,0.027128388971140633,0.2999933639312313
2012-02-29,-0.3274811300472786,0.2518161007120087,0.5331449231848409,1.2012196982416967,0.04897400878536026,0.3204960764400634
2012-03-31,-0.04891578020247305,0.24422168014526457,0.5113019339030062,1.0514713427480167,0.2709893896650028,0.3584603930070001
2012-04-30,-0.09767484559485093,0.251132029169161,0.5505133356998022,1.2281313156517555,0.3386211080253054,0.3686207873533196
2012-05-31,-0.06182209694742324,0.26397210761884865,0.5881233220284535,1.1577669281001577,0.23920269041813674,0.3768432173779032
2012-06-30,-0.25595900705932695,0.2803912369497889,0.6076782691597388,1.1698413443058393,0.2764172949133753,0.36485766610045944
2012-07-31,-0.3622821134699491,0.2716912125081037,0.5897400262561848,1.1746730853360512,0.26930938158832995,0.3530080079447973
2012-08-31,-0.19695623376734606,0.3137379903096767,0.5702584922192154,1.0397668272390266,0.26028344056031993,0.364567215139996
2012-09-30,0.00245698253202121,0.2628185146619781,0.5647169305736649,1.0413069714451473,0.35859847451996923,0.3897490347189856
2012-10-31,0.02153382951378023,0.28043846452741356,0.6274529170677838,1.0473211003386738,0.33852067989940426,0.40234080295570707
2012-11-30,-0.06562916692318956,0.2686839478207842,0.5462248474839249,1.046087476972954,0.26586764386372685,0.4008278026796473
2012-12-31,0.024008968314473324,0.30158651896260336,0.5649736626602517,0.9818522767304851,0.26913488747735664,0.4096478329734819
2013-01-31,0.24818400769411061,0.29381349643999743,0.6154786890918156,1.0699227872849226,0.25735545586778724,0.4349271408384806
2013-02-28,0.3328002494169148,0.27924346880952805,0.6125267742375161,1.085909422057001,0.35879768760133535,0.45413028008944534
2013-03-31,0.24094176293739633,0.28234114104802266,0.5720115481391362,1.282803898764878,0.268573438303387,0.45568397058040183
2013-04-30,0.08682074069376039,0.2547806465776069,0.5719449859487392,1.0595966640097998,0.2589170693521269,0.4463915358173819
2013-05-31,0.158942538221305,0.23262538753753242,0.5434896546195663,1.0232276410719696,0.2222601656044532,0.4509178245015102
2013-06-30,0.1890792602408451,0.23902473789255985,0.5228881149891,0.930775684246614,0.21766440771532417,0.4573426473758478
2013-07-31,0.13330239694624346,0.2501659992119766,0.5348697075616718,1.079553329207434,0.1571130971097732,0.45695168278494863
2013-08-31,0.11479391539539562,0.2235948666058559,0.5498661927357603,1.0904455289021528,0.12596622804569163,0.4573355290627614
2013-09-30,0.02503317164751536,0.22699307917518938,0.5303206470876382,1.0632897204637106,0.12588271967501546,0.45151970980714423
2013-10-31,-0.026858547257827905,0.21758320799948203,0.4979447146148956,1.0293522414776735,0.11167084878536328,0.44664372692850307
2013-11-30,-0.058035447820946356,0.2499825734664666,0.5170006511305969,1.0493343754791045,0.09917374951389389,0.4437393305496209
2013-12-31,-0.003045233350507998,0.2929514669489968,0.5861134779547009,1.0459717172789897,0.05385932043219016,0.44988905310663585
2014-01-31,-0.008256327669223351,0.2650031347750534,0.5511092832311592,1.0319999173038656,0.03187365997473319,0.4533872388293371
2014-02-28,-0.022899974204999222,0.2590182399325027,0.5773418454778113,1.0279610101469037,0.014719545808461871,0.45497186134444817
2014-03-31,-0.08886263753689654,0.24969681537146457,0.5556334379412659,1.113136256227934,-0.01781372188069706,0.45057923047651904
2014-04-30,-0.08210219823926954,0.24891809041748805,0.5087152796118091,1.0035077232931122,-0.047104073168793364,0.45140220329518993
2014-05-31,-0.03969315567802721,0.2631147368261636,0.532737185903189,1.1481715409677848,-0.05336398541131295,0.45795044997817963
2014-06-30,-0.017366870703649277,0.24803021837117792,0.5689328386241815,1.1814806161637954,-0.06846355068298289,0.46450538837349636
2014-07-31,0.06727339605847842,0.2769067348153036,0.5788329926751773,1.2135490706770657,-0.01912240925440967,0.47783452282628336
2014-08-31,0.0667953541758907,0.25371956106423804,0.5571297606372326,1.2544325076469474,-0.028779869366657853,0.48450334340393836
2014-09-30,0.09803216623019677,0.28762334405106665,0.5655810393975801,1.1234484736945272,-0.048613098412584134,0.49210103925144655
2014-10-31,0.1148821541656936,0.22908809899118937,0.5448040568608972,1.1455676276970959,-0.03880604114454299,0.49857807324331377
2014-11-30,0.14214850823632322,0.24431630272786883,0.5991667969883211,1.2513607403533689,-0.05013965987002552,0.5057309984817616
2014-12-31,0.192428832598254,0.23354925565826745,0.627073473442771,1.3070511196970709,-0.047888929264885687,0.5155077861104973
2015-01-31,0.29155642725568803,0.22794952148538825,0.6354866908979017,1.2753896323076477,0.007036614628263573,0.5312960776629737
2015-02-28,0.3892536818072502,0.2961535127274393,0.6974234445733922,1.162294281694182,0.046402539061358605,0.5492919045937866
2015-03-31,0.20713082999474522,0.28182273801873403,0.6514614659029727,1.246596068778639,0.08073790880808983,0.5404187319133001
2015-04-30,0.34046267041334255,0.25639422059680506,0.6615014267073511,1.1470547539214082,0.1514693110190885,0.5516616286959803
2015-05-31,0.21660169769583054,0.27456134026515416,0.6536284103784079,1.2598278354332786,0.08588410258720333,0.5459049910764987
2015-06-30,0.2409410349714552,0.3440106648176118,0.6085029136476,1.2492447219094596,0.07867311207381913,0.5484765993621122
2015-07-31,0.2383176971166165,0.32652276778111045,0.6306815631708753,1.1901876749713907,0.0657697549392169,0.551428416181028
2015-08-31,0.14175622190685946,0.3107131394038965,0.6213640914961082,1.2354488292684005,0.04988096302653394,0.5451451671670031
2015-09-30,0.14011869405260718,0.2869632413306736,0.6498016805257478,1.2183278422110886,0.07474648713806135,0.5449412370358965
2015-10-31,0.10902389504806596,0.29765613533124263,0.7321815643011227,1.2914285960147078,0.04586173840719093,0.543780858879492
2015-11-30,-0.05496028349083076,0.27279642351831374,0.6371134450033665,1.2876305638708445,0.246873319254679,0.5242071924618221
2015-12-31,-0.11882255062214979,0.27856184347853236,0.5831216539115884,1.184338204406203,0.6265996272804584,0.5096567165610089
2016-01-31,-0.13784216417940243,0.2717248098333604,0.6351653100841894,1.244620168181185,0.46946704473484446,0.5024971996595088
2016-02-29,-0.05459890063616296,0.30607149011322915,0.5245832946902251,1.1938811699007792,0.4332267769730044,0.5127761302968493
2016-03-31,-0.13008221934792558,0.23506399515436016,0.5180108789136224,1.2485746789755052,0.5431286654405136,0.5067807570634606
2016-04-30,-0.06990398223116004,0.2635093629547706,0.5452265195674673,1.209335371301914,0.5212787771853457,0.5143689105081198
2016-05-31,-0.09445426582649566,0.3005456083274677,0.6350685881419563,1.2749864760143899,0.5046692665246578,0.5149433478838301
2016-06-30,-0.14269239290801575,0.2632273695312733,0.6625399287763519,1.257820908092297,0.5248967416258303,0.5092590752742656
2016-07-31,-0.06841267239191891,0.2879092057951923,0.665242181536793,1.2415889392086423,0.5550677891242872,0.5192624868343443
2016-08-31,-0.06848899340805606,0.29358303712050543,0.622281780317386,1.1579899873973722,0.5366328905294565,0.5244884742431085
2016-09-30,0.042678450997898076,0.2882056543537929,0.6200736859872084,1.163331763920091,0.5818300931408914,0.5447038922835432
2016-10-31,0.11506992104660616,0.2900479223737877,0.6475932554631258,1.2591099073989969,0.7192035621693433,0.5653006642136806
2016-11-30,0.13772347497367873,0.3354927429803377,0.6518856537220165,1.2509847494137842,0.8051788369137994,0.5783755943067528
2016-12-31,0.04041470529440259,0.2809891511746933,0.6508922839039649,1.2753910425652861,0.7126125796225635,0.5713960288782456
2017-01-31,0.028888336670536644,0.2824170039134581,0.6351442673254037,1.304252393685041,0.5501264239199567,0.5685350070410744
2017-02-28,0.07687373104561539,0.2767820348135145,0.6859118109237986,1.3769267226785478,0.5544973437541004,0.5755056977383938
2017-03-31,0.13463349770876726,0.27498537290150993,0.7040385255122326,1.3405125210488282,0.5510180642462997,0.5880357619266976
2017-04-30,0.257529160816361,0.27091878140415926,0.619499161641998,1.351989964929471,0.8643511377259538,0.6078038606710127
2017-05-31,0.14280155699860875,0.2731189838236732,0.5960432756345125,1.2598172290528322,0.7805474690108224,0.6053866837510296
2017-06-30,0.16521582976928392,0.24248698670564797,0.5954113105163764,1.0755508352721357,0.6742580092017935,0.6090160757110104
2017-07-31,0.1412931684121036,0.27926127483163266,0.6594206743169244,1.1479235705541786,0.5678741617450378,0.6088060321261944
2017-08-31,0.09428735914008157,0.2957235306251547,0.6409962267795206,1.2161048505648713,0.5736177001909818,0.6039304068078781
2017-09-30,0.10904682578083225,0.28736943617376787,0.6465919066379794,1.3061503119944162,0.4851841828519027,0.6055491212419595
2017-10-31,0.13739850957267818,0.2244119105217358,0.5593445241969711,1.1826935797824962,0.37305501542037905,0.6117198332297621
2017-11-30,0.15137955877451303,0.22824747788416658,0.5475161270236585,1.0167769582245256,0.35691151130121457,0.6177234187427034
2017-12-31,0.22286610545232183,0.25716135891111225,0.5736985142857541,1.2072237348840806,0.43217445007638383,0.6318389918315408
2018-01-31,0.5101564593086029,0.287383635597091,0.5869799603394928,1.1064675129834194,0.5056443497087383,0.6494721170572838
2018-02-28,0.7057486327377416,0.24581187069610444,0.617880338345594,1.0542141903436921,0.544145288106787,0.6647477060382473
2018-03-31,0.6444469586668682,0.24288770768120585,0.5946249023954939,1.1081646573297779,0.46923207984526527,0.6712270299738583
2018-04-30,0.8617554848224459,0.27677564628290996,0.6511325769769469,1.1571555797843351,0.39447922425106213,0.6799717594013809
2018-05-31,1.1285231227167751,0.2539334598451118,0.5846954120651855,1.13974764879785,0.4868364417679035,0.6931471805599453
2018-06-30,1.2887185981754692,0.2557974206375854,0.6315555447839916,1.2002393798637057,0.5835633952457763,0.7057550923269997
2018-07-31,0.9479924440451538,0.24513738585498027,0.6346831913314362,1.0668806921067595,0.469147030059243,0.7058927010458115
2018-08-31,0.3294713062151189,0.2833056773583417,0.617570421408111,1.08258799460746,0.5278770108456738,0.6956846089703619
2018-09-30,0.21346751015186782,0.3072102761703501,0.6031704710124361,1.0797892846294006,0.4634173825792509,0.6798816799095295
2018-10-31,0.04991205119205656,0.30963286064655693,0.6565276641603196,1.1659534608572029,0.7211448173645809,0.6504995495939817
2018-11-30,-0.05033545844349246,0.30075858848450604,0.5398275865512732,1.1701378116574161,0.940359812559358,0.6272124154318147
2018-12-31,-0.062031461626385155,0.3202354042486633,0.6236713530222014,1.1461145124828442,0.7436229573381788,0.6201925881351734
2019-01-31,-0.014958985114902028,0.30005161119656254,0.5963857335424443,1.230199802052941,0.8367325399882454,0.628781804605042
2019-02-28,0.07568126766910328,0.27067975493217405,0.5830131814604627,1.1763635682335642,0.9585294800407634,0.648387445040916
2019-03-31,0.17742649603130367,0.29436010735818724,0.5814517650748046,1.0934506979406289,1.1916270035866987,0.6745724149960657
2019-04-30,0.2808269867402296,0.2829521465700901,0.5408799447259012,1.2035099461218555,1.3876167871864424,0.7036533630405425
2019-05-31,0.24982167284829251,0.29234538187011044,0.6065335601351985,1.149450863818429,1.1061225629944464,0.7096596858100277
2019-06-30,0.14989901091875169,0.320142322390948,0.5779286935402366,1.2657318938951563,1.0871356797019167,0.6949267666403759
2019-07-31,0.10879426625460939,0.3076892006221078,0.6310503414006976,1.3243548627879094,0.9913343282807621,0.6853000323317076
2019-08-31,-0.008501064101939876,0.31941486331457236,0.6557232067196512,1.4629958020557423,1.1319688676607222,0.6627034291452222
2019-09-30,-0.004590020323865596,0.337775013212446,0.6542686630305604,1.3575666918707543,0.9593564189558725,0.6586165661669373
2019-10-31,0.05550589548796774,0.3356338832484719,0.618753905764399,1.3131478327534933,0.9996243850704047,0.6706625732051631
2019-11-30,0.19002593993981606,0.31364460473323996,0.6417583801508728,1.4269746592732435,0.979352157546673,0.7027964926179256
2019-12-31,0.09315314450607033,0.32526777835849896,0.6314904619744613,1.389023547078537,0.8699961514418467,0.6926198934398983
2020-01-31,0.22633056909815888,0.3205445906181781,0.6275027719451814,1.3219383163572254,1.015269317796476,0.7163265851902668
2020-02-29,0.11830162476130425,0.33220345261447043,0.6046385544209492,1.383700477358832,0.9281696348160817,0.7022944060292974
2020-03-31,0.2977725894033424,0.35429621843285725,0.6856526026338552,1.3506724563385895,1.051932725058041,0.7335948617755976
2020-04-30,0.2890536141216198,0.3474864939675766,0.6827198876346536,1.259687212627357,0.925694573598807,0.741169427732592
2020-05-31,0.4581770952806045,0.33148520464600034,0.7458232854944581,1.3626231337500574,1.3516905094278444,0.7765625727121211
2020-06-30,0.33846834317094665,0.3187246242510811,0.6659749014926578,1.351870223536044,1.286168898151251,0.7641369464313409
2020-07-31,0.3104350706757393,0.33786177346726975,0.6296899631867185,1.158628596061142,1.1127595657443208,0.7579971149973809
2020-08-31,0.24144241508068737,0.32540143329236115,0.6399238809543284,1.2073104293955725,1.1113003666375574,0.7458192149976964
2020-09-30,0.33816146538414016,0.2950693846976881,0.6392216906428579,1.2120847814024647,1.0450945249121544,0.7620281889671896
2020-10-31,0.3022659496195634,0.2905188204970696,0.5635296043659894,1.1817407931320192,0.9421257534945646,0.7606799518268094
2020-11-30,0.27626441438436955,0.30563153186634906,0.675298770744496,1.1463609039862537,0.9079719700456664,0.7571603536423553
2020-12-31,0.3196629286191567,0.2896135117320884,0.6562732488262641,1.2555254739360622,0.9532561015923936,0.7660207720237202
2021-01-31,0.3479248622013785,0.3444014698628262,0.623595549193765,1.1741737686423594,0.8595330826518783,0.7752431424879579
2021-02-28,0.4220023430811403,0.3435137087835666,0.622622918409509,1.136034212355031,0.9293031046485568,0.7933537135155572
2021-03-31,0.4202041437094805,0.3189445053865184,0.672566250035232,1.1620098544911714,0.7667635329236818,0.799192393266089
2021-04-30,0.3509716405024252,0.32266552650020913,0.5820097505169743,1.2017582754128973,0.7647974992129137,0.7897369510698954
2021-05-31,0.37024522477965927,0.3165170389458785,0.5775712116292504,1.326491243093048,0.7064569839026439,0.7926295451077653
2021-06-30,0.32872208763106103,0.3219051947869356,0.6361720402512674,1.3324436102576498,0.6069044273722489,0.7872905286868465
2021-07-31,0.35110051992073776,0.3263424912976732,0.7555634613103436,1.411307009930583,0.5633838915814248,0.791829875075166
2021-08-31,0.2634802327562144,0.36019815435568875,0.736252229482164,1.4141731021277617,0.5444144575930334,0.7778969659335185
2021-09-30,0.2287909817950016,0.3954092264145272,0.6613961778476113,1.4112382991511365,0.49968724864929426,0.769595918883778
2021-10-31,0.20705924369358608,0.36796447729375836,0.6905326301261628,1.4352990424487198,0.48154704696936423,0.764849346578703
2021-11-30,0.21318874664466858,0.34570644351280927,0.7185644160918712,1.3551168788387433,0.4505516072551531,0.7663956097812783
2021-12-31,0.21323220805315016,0.324125613277236,0.6747284053665893,1.4035306842603557,0.4118358336759533,0.7682516065928991
2022-01-31,0.20824353405683838,0.2878067873548781,0.6785925337431268,1.3746292770310036,0.38872550871654554,0.76914655527926
2022-02-28,0.13392670625041267,0.32521159033934793,0.6319957869394445,1.3552874161225377,0.42841339462128036,0.7555329978350457
2022-03-31,0.16158429717914477,0.3391067984081394,0.6110405732341407,1.3329028149565478,0.35453290033537055,0.7592600919466249
2022-04-30,0.22582819133721344,0.3015563524102627,0.6385104359422505,1.3280779927001913,0.38159952899874283,0.7754001212076219
2022-05-31,0.19145894737833435,0.29187109802009176,0.6620665133935787,1.3802150210229973,0.3328398843350194,0.7733195983315947
2022-06-30,0.1378595887844325,0.3027174825612918,0.7089413834543576,1.350277008045686,0.38669465837237055,0.7631133609995622
2022-07-31,0.07350738895349704,0.30276915626273043,0.6132688931778774,1.2350209272072652,0.33942354976327005,0.7485728569443324
2022-08-31,-0.05375458920288107,0.31243253871838594,0.6498583639053085,1.2471917370726133,0.6694239542279476,0.7190083191742817
2022-09-30,-0.11358735781297653,0.30629709374937275,0.7438463666326062,1.3171519017653155,0.5546108867640211,0.6995512119132925
2022-10-31,-0.19273528149319377,0.24266694609098408,0.7028401512984506,1.303815497779398,0.5591570579469538,0.6767208695596663
2022-11-30,-0.2755438052209122,0.25645536512405553,0.640112809169775,1.313452243437727,0.7759209315964773,0.6508832928917889
2022-12-31,-0.27376249294215466,0.31134768771972826,0.6290442801814253,1.2801463200571204,0.7664471144547655,0.6455955653113604
2023-01-31,-0.1970919615011826,0.3193605086376728,0.6284946783116243,1.303687232354505,0.7651272526626609,0.6671792735604131
2023-02-28,-0.16423852171325246,0.3168312074182713,0.6242802594484949,1.2052180165980146,0.6111847026067865,0.6833910056145808
2023-03-31,-0.14898070925152093,0.3074294413589927,0.6127573837031962,1.2051189758346192,0.5415134095528283,0.6928633718451129
2023-04-30,-0.19380446192944784,0.33699269919172786,0.6830844895534792,1.2577390451523112,0.6168596253443065,0.6841533031833509
2023-05-31,-0.25475521009744995,0.3047911092387055,0.661052822361551,1.3288472738195691,0.5820131168581305,0.6666742181057488
2023-06-30,-0.2944045909286077,0.32232227525161,0.7118172913899121,1.4612320656403914,0.590964052090903,0.6522445673487789
2023-07-31,-0.3220494740852176,0.33316864322829787,0.6845990329929761,1.3213858742840257,0.639933394020635,0.636634970296603
2023-08-31,0.3994769953185308,0.32266348285774765,0.6936175021080643,1.3598080120152976,1.0604405845420861,0.6002677919592826
2023-09-30,0.5369768335478727,0.3499232757407651,0.5974855780031012,1.4189127585708226,1.0672742523307386,0.5749253337372153
2023-10-31,0.8088737954133007,0.3140142605303608,0.712542687816085,1.4510323602399946,1.1366065451035627,0.5520358924126535
2023-11-30,1.0244379531884225,0.30894488827764494,0.6386881613054233,1.336676523877243,0.981883291497136,0.5314207069242294
2023-12-31,1.1261745695227743,0.31245000553022856,0.6488406577387015,1.4651423373318515,1.1921825203612988,0.5150104037343614
2024-01-31,1.0859019708246285,0.3108234907961499,0.6837847122617859,1.2400855502316315,1.0172888022001334,0.5047695870889491
2024-02-29,1.1037832095186666,0.30626761813106607,0.5658278346216614,1.2822904091158074,0.99496458282171,0.49464333318288434
2024-03-31,0.42480055563469593,0.304174374893874,0.6194318783964834,1.2818821073481295,0.985598681939684,0.510609267209543
2024-04-30,0.6261129338576497,0.31176078816792246,0.6487719411948862,1.358841119445022,0.828171620221486,0.5047074272540549
2024-05-31,1.1175075425806797,0.34815161475104994,0.6746676502193206,1.2890881981648197,0.9086101828131184,0.4749257064511639
2024-06-30,1.2595561984169086,0.3283290824329837,0.6559716345438684,1.1457800956041593,1.002640401252355,0.4519851237430572
2024-07-31,1.4458463162109705,0.36162527889619506,0.6785061949082273,1.3044944553838926,1.056347775452029,0.42892360350227093
2024-08-31,1.6704899536253193,0.3964766340713919,0.6776000799457137,1.4609468081539194,1.3141324528963236,0.40324155463921624
2024-09-30,1.6400709388927248,0.3741219980388797,0.7557196334996626,1.3155485711629522,1.1150041456661652,0.38807635973549676
2024-10-31,0.7362038265199159,0.40589330463267576,0.7415327917129728,1.27436826177449,1.0962359084083062,0.4121886917511719
2024-11-30,0.667013008028311,0.3620002411890809,0.6765510983301766,1.3260491253796904,1.0351501245586143,0.41806560277689275
2024-12-31,0.8427599648078605,0.33353148427084117,0.6502837758827064,1.281238237988947,0.9451996904875559,0.40702233655677067
2025-01-31,0.8407489939576527,0.3672340074432052,0.6499264783014057,1.4164915628168633,0.9920092541605057,0.39852545499762376
2025-02-28,0.8209613021530429,0.3420019724713421,0.6150232377896659,1.3298444599403638,0.890597884189961,0.3919020415605438
2025-03-31,0.7484740106778571,0.37068729494347646,0.6498718579223434,1.215199436607315,0.8280294702517403,0.38893005206939385
2025-04-30,0.6221717248734224,0.3610362282633469,0.6262979952839405,1.289255137247686,0.7647833811329213,0.39039597390618813
2025-05-31,0.5846063867689948,0.3270882997145088,0.6052519678336302,1.2394242717212598,0.7432121083959373,0.3888499802975698
2025-06-30,0.6417652704726947,0.3210627951298091,0.6032653556138108,1.2863118215173843,0.7254803899512591,0.38083204793882897
2025-07-31,0.5818193453204296,0.33388081823037635,0.5939076145022811,1.487085980878897,0.7000647461105194,0.37807551509110165
2025-08-31,0.6674654179574184,0.3444077085198595,0.5938857531109042,1.3745726966726024,0.6329044775181342,0.36841754080421807
2025-09-30,0.33529951059451685,0.39916670923729974,0.6283825794936734,1.3652924205259795,0.6553878759246013,0.3837196242025268
2025-10-31,0.30070199650622004,0.3751146102037203,0.6990880652073026,1.359711796641329,0.5969963268331715,0.38881907431487606
2025-11-30,0.1450866357673406,0.38337332810706015,0.7312308605259277,1.2872240371064507,0.5892861738613338,0.39912435601135426
2025-12-31,0.1342187229905821,0.39043108491287043,0.6636531680099842,1.3076085201237575,0.5576180758336117,0.4016340048964406
2026-01-31,0.006337925358834613,0.3904401191148198,0.6651572158511847,1.4835995558522885,0.542217498383259,0.4107631337457196
2026-02-28,-0.18306490941179404,0.3805956842506368,0.6854801859938167,1.5634755057028191,0.45195734696749734,0.4280927336300986
2026-03-31,-0.2523122928993669,0.3316517499787929,0.5989317967800533,1.5787280536697201,0.42793024369981597,0.4394985337125613
2026-04-30,-0.25082692383941935,0.33253882698800763,0.6720784672150691,1.500391986470879,0.4037855615070422,0.4424646638324522
