date,lp_real,fitted,ect
1994-01-31,0.02634206876009132,0.4671045087105721,-0.44076243995048076
1994-02-28,0.05148195583514341,0.521004474749419,-0.4695225189142756
1994-03-31,0.10498835339078434,0.5112122780431093,-0.406223924652325
1994-04-30,0.009349834368326194,0.5135017719017101,-0.5041519375333839
1994-05-31,-0.028889009852137156,0.5115091695666063,-0.5403981794187435
1994-06-30,-0.033872840382092026,0.48566894735174915,-0.5195417877338412
1994-07-31,-0.07936652940718887,0.5009152069863418,-0.5802817363935308
1994-08-31,-0.05052834598426464,0.5383411272448055,-0.5888694732290701
1994-09-30,-0.06006809654341321,0.5036992598900396,-0.5637673564334528
1994-10-31,-0.06303910991095245,0.49211899170430423,-0.5551581016152567
1994-11-30,-0.0703807967617995,0.5030273111063727,-0.5734081078681722
1994-12-31,-0.11808574490646254,0.47820682329352515,-0.5962925681999877
1995-01-31,-0.1092619859244495,0.5157037825962817,-0.6249657685207312
1995-02-28,-0.08277644365706822,0.4552375272087595,-0.5380139708658277
1995-03-31,-0.08295786515644721,0.4731438079847624,-0.5561016731412096
1995-04-30,-0.07682957894775089,0.467501724367533,-0.5443313033152839
1995-05-31,-0.11079531164378333,0.4492113290005293,-0.5600066406443126
1995-06-30,-0.1216776803251138,0.4536267061719332,-0.575304386497047
1995-07-31,-0.13270868587305906,0.44529945975218066,-0.5780081456252397
1995-08-31,-0.13934777794596248,0.42636668997012467,-0.5657144679160871
1995-09-30,-0.163945077419546,0.4302210200997926,-0.5941660975193386
1995-10-31,-0.16008541534707282,0.4203993079977764,-0.5804847233448492
1995-11-30,-0.1289180543465337,0.39777335304286765,-0.5266914073894013
1995-12-31,-0.1075717360944491,0.35649709545281794,-0.464068831547267
1996-01-31,-0.09944954411420137,0.3435492918581671,-0.4429988359723685
1996-02-29,-0.0745686954975085,0.37106362459932396,-0.44563232009683246
1996-03-31,-0.033132934852433495,0.37095706930344946,-0.404090004155883
1996-04-30,-0.038499942927641084,0.3738417708694505,-0.41234171379709156
1996-05-31,-0.039728886281859215,0.3525911707452537,-0.3923200570271129
1996-06-30,-0.020654779030746025,0.344063705752957,-0.36471848478370306
1996-07-31,-0.04354080828328833,0.3372394918263283,-0.3807803001096166
1996-08-31,-0.0143765689672582,0.3030821881960919,-0.3174587571633501
1996-09-30,-0.025063968663216276,0.31365742098396815,-0.3387213896471844
1996-10-31,0.013906154565009812,0.31851501037998897,-0.30460885581497915
1996-11-30,0.049649908643820566,0.3306710446702941,-0.28102113602647355
1996-12-31,0.09182184732502795,0.3561149771553005,-0.26429312983027253
1997-01-31,0.11341278134472772,0.3431859626376039,-0.22977318129287622
1997-02-28,0.18765005078431818,0.340448324332254,-0.15279827354793585
1997-03-31,0.23134602707923166,0.32525369347513183,-0.09390766639590017
1997-04-30,0.17344388276193726,0.3008788354877599,-0.12743495272582264
1997-05-31,0.2536386594259866,0.31269801124049956,-0.05905935181451294
1997-06-30,0.24073931320458938,0.29919502745182425,-0.05845571424723486
1997-07-31,0.18615665257789696,0.33546166207198214,-0.14930500949408518
1997-08-31,0.20633643299782858,0.3350763932906069,-0.12873996029277832
1997-09-30,0.20524826034785687,0.3021918502005482,-0.0969435898526913
1997-10-31,0.21608351190348474,0.2924351713944787,-0.07635165949099398
1997-11-30,0.1539430170708274,0.2616845527488639,-0.10774153567803649
1997-12-31,0.1359305817425042,0.24897668102196996,-0.11304609927946577
1998-01-31,0.09482317245480303,0.24059430722616854,-0.1457711347713655
1998-02-28,0.0975821585015929,0.19774333415246703,-0.10016117565087414
1998-03-31,0.1557140257051634,0.20414632164065644,-0.04843229593549303
1998-04-30,0.11927334889794253,0.21201738684868937,-0.09274403795074684
1998-05-31,0.07230106929506708,0.19971533098909844,-0.12741426169403136
1998-06-30,-0.023716526617316044,0.18202308797842748,-0.20573961459574353
1998-07-31,-0.017439634285356078,0.1465578289942306,-0.16399746327958667
1998-08-31,-0.022706746626133863,0.12935363292262297,-0.15206037954875684
1998-09-30,-0.053372349927138546,0.11757626662814219,-0.17094861655528074
1998-10-31,-0.06871389254805192,0.020071012347967876,-0.0887849048960198
1998-11-30,-0.0019920325312406525,-0.009766330375382382,0.007774297844141729
1998-12-31,0.035023034789563104,-0.023247765841304335,0.05827080063086744
1999-01-31,0.01749315744751712,0.015373105420561028,0.002120052026956091
1999-02-28,0.00985229644301164,-0.008952848405734013,0.018805144848745653
1999-03-31,0.00789737569495094,-0.04765490508556136,0.0555522807805123
1999-04-30,0.013820555618632316,-0.08938218922176938,0.10320274484040169
1999-05-31,0.023599915340873506,-0.08653689836818429,0.1101368137090578
1999-06-30,0.01775194545845032,-0.09141044996182474,0.10916239542027506
1999-07-31,0.00889773541986479,-0.15197198128812378,0.16086971670798858
1999-08-31,0.002989538848365986,-0.18103684940692982,0.1840263882552958
1999-09-30,-0.027426808020139148,-0.18498243173175727,0.15755562371161813
1999-10-31,-0.03487532931401227,-0.10530917651716404,0.07043384720315177
1999-11-30,-0.032345021009077664,-0.10649741759569159,0.07415239658661393
1999-12-31,-0.014523076838370615,-0.09633795637428272,0.0818148795359121
2000-01-31,-0.005115100666770377,-0.15165057857973013,0.14653547791295976
2000-02-29,-0.001025115415245297,-0.14718377811174493,0.14615866269649963
2000-03-31,-0.02895755591116096,-0.13790331866392297,0.10894576275276201
2000-04-30,-0.051878852414449256,-0.13594830168635003,0.08406944927190077
2000-05-31,-0.08691908775510351,-0.14302013447906375,0.05610104672396024
2000-06-30,-0.12755426279522933,-0.16376114926751434,0.03620688647228501
2000-07-31,-0.1164991736235699,-0.10840492245566119,-0.008094251167908711
2000-08-31,-0.11472024612583767,-0.08032854142317408,-0.03439170470266359
2000-09-30,-0.1094338410454621,-0.08589006845306207,-0.023543772592400022
2000-10-31,-0.1241484295234595,-0.09727451232326462,-0.026873917200194886
2000-11-30,-0.16281757068261354,-0.06280135161470735,-0.1000162190679062
2000-12-31,-0.18069023506187054,-0.05727576866882006,-0.12341446639305048
2001-01-31,-0.19013891814314363,-0.017437800452283492,-0.17270111769086013
2001-02-28,-0.19840106216830275,-0.03032793216344115,-0.1680731300048616
2001-03-31,-0.17396354259035465,-0.005413632223917109,-0.16854991036643754
2001-04-30,-0.17069707594166728,0.041111468237858384,-0.21180854417952566
2001-05-31,-0.1864537940788651,0.05847117227850751,-0.2449249663573726
2001-06-30,-0.17425449473963373,0.08988455327240669,-0.2641390480120404
2001-07-31,-0.17773917010434595,0.11167218627023165,-0.2894113563745776
2001-08-31,-0.19707419526899284,0.1028897786920081,-0.29996397396100094
2001-09-30,-0.20536995223024557,0.11957745623449567,-0.32494740846474124
2001-10-31,-0.23147581293275588,0.14550155041862634,-0.3769773633513822
2001-11-30,-0.21550576186609222,0.14977823689820796,-0.3652839987643002
2001-12-31,-0.19287989367438285,0.0649065233664946,-0.25778641704087746
2002-01-31,-0.1753245753078731,0.07244943387302355,-0.24777400918089665
2002-02-28,-0.1677824547073337,0.11990098100446808,-0.28768343571180177
2002-03-31,-0.16558380504522788,0.12614618246527362,-0.2917299875105015
2002-04-30,-0.17352316708878873,0.09024636194395891,-0.26376952903274764
2002-05-31,-0.15572796722050677,0.08379453207319348,-0.23952249929370026
2002-06-30,-0.1543493487461595,0.07770691840481009,-0.23205626715096958
2002-07-31,-0.15997691428908106,0.07182772517585756,-0.23180463946493862
2002-08-31,-0.19130983545290137,0.08321808658953017,-0.27452792204243154
2002-09-30,-0.1991703200869166,0.0589905589028738,-0.2581608789897904
2002-10-31,-0.20150437621072845,0.06487663938206115,-0.2663810155927896
2002-11-30,-0.1947883255590847,0.0630241532141062,-0.2578124787731909
2002-12-31,-0.1828358278261169,0.15432848879446176,-0.33716431662057866
2003-01-31,-0.1950804852472997,0.15432848879446176,-0.34940897404176147
2003-02-28,-0.18651883472929462,0.1356573354447053,-0.3221761701739999
2003-03-31,-0.2165861507680506,0.12967472824656945,-0.34626087901462005
2003-04-30,-0.21883676976905203,0.14817225341201418,-0.3670090231810662
2003-05-31,-0.20795338582023448,0.1226994115316507,-0.3306527973518852
2003-06-30,-0.19821482316103928,0.09107871701314513,-0.2892935401741844
2003-07-31,-0.21212415606459925,0.053312132955225716,-0.26543628901982497
2003-08-31,-0.20731934770793636,0.05912165934240754,-0.2664410070503439
2003-09-30,-0.1576631527043989,0.08375394798207109,-0.24141710068647
2003-10-31,-0.12302688616239446,0.1091190049336706,-0.23214589109606507
2003-11-30,-0.11726449792114536,0.12165032591646517,-0.23891482383761053
2003-12-31,-0.10444266336759726,0.1468253564110471,-0.2512680197786444
2004-01-31,-0.061386075383409754,0.15956475721185048,-0.22095083259526024
2004-02-29,-0.01626052087178029,0.14020736184211435,-0.15646788271389464
2004-03-31,0.02725671655930923,0.14033169477530905,-0.11307497821599982
2004-04-30,0.030692946399406198,0.15319505681144857,-0.12250211041204237
2004-05-31,0.0025839807659250678,0.18463943884847595,-0.1820554580825509
2004-06-30,-0.043228734550820075,0.21676583199655444,-0.2599945665473745
2004-07-31,-0.039272062353528765,0.2560412194302403,-0.29531328178376903
2004-08-31,-0.01025650016718922,0.2560917270700158,-0.266348227237205
2004-09-30,0.018715455811356002,0.25476282055987964,-0.23604736474852364
2004-10-31,0.056249545318616145,0.24378521056276548,-0.18753566524414933
2004-11-30,0.026962417605128037,0.2471544831059391,-0.22019206550081105
2004-12-31,0.032949899660214436,0.23623384513631915,-0.2032839454761047
2005-01-31,0.04535383474471042,0.2103290462906199,-0.1649752115459095
2005-02-28,0.0827495744964445,0.2558407334472778,-0.17309115895083332
2005-03-31,0.12720892688503557,0.24544995127879163,-0.11824102439375606
2005-04-30,0.12014431184206341,0.23203699155699345,-0.11189267971493004
2005-05-31,0.10617698505642227,0.23220015982163944,-0.12602317476521718
2005-06-30,0.07369404773041065,0.23684271613636376,-0.1631486684059531
2005-07-31,0.05880784642858607,0.22118964905194788,-0.1623818026233618
2005-08-31,0.06716888557314633,0.2042239130027178,-0.13705502742957149
2005-09-30,0.04905615698919421,0.21076402976567438,-0.16170787277648016
2005-10-31,0.02091435614887012,0.18984464788729088,-0.16893029173842078
2005-11-30,-0.01680711831638129,0.1697377805904956,-0.1865448989068769
2005-12-31,0.004449395549541646,0.16895987778774108,-0.16451048223819942
2006-01-31,0.018899951130484007,0.18390770162219333,-0.16500775049170932
2006-02-28,0.018837122086444023,0.15780605780046336,-0.13896893571401933
2006-03-31,0.03628765376968027,0.17635286427475905,-0.14006521050507878
2006-04-30,0.024933540968884383,0.1727833791940634,-0.147849838225179
2006-05-31,0.032435275753153955,0.18581371349823267,-0.1533784377450787
2006-06-30,0.01748678438771559,0.18554062637038204,-0.16805384198266646
2006-07-31,0.0032697576815569284,0.19183204539855406,-0.18856228771699712
2006-08-31,0.011898463791614518,0.19841473382617897,-0.18651627003456445
2006-09-30,0.003220614700042157,0.1851340756086206,-0.18191346090857846
2006-10-31,-0.004287252011620035,0.18499937260347232,-0.18928662461509235
2006-11-30,-0.013881696486155861,0.19338773264112186,-0.20726942912727772
2006-12-31,-0.009549144179853619,0.20176373630012157,-0.21131288047997518
2007-01-31,-0.0020986366569212492,0.1888813033046983,-0.19097993996161955
2007-02-28,0.01040592116111682,0.14440799781044028,-0.13400207664932345
2007-03-31,0.010267030639744195,0.2078382922575357,-0.1975712616177915
2007-04-30,0.003044142381228052,0.1630617747871727,-0.16001763240594466
2007-05-31,0.005988041844622472,0.15665477754005558,-0.1506667356954331
2007-06-30,0.010885807645251004,0.16280887577820347,-0.15192306813295245
2007-07-31,0.0029225544426018666,0.17521181350737702,-0.17228925906477516
2007-08-31,0.001924928409584418,0.17521181350737702,-0.1732868850977926
2007-09-30,0.005714301263438635,0.1789451888881079,-0.17323088762466926
2007-10-31,0.021426064172675677,0.2483284057327401,-0.22690234156006442
2007-11-30,0.04790794090974091,0.28395285589833047,-0.23604491498858957
2007-12-31,0.06935644175090898,0.3066446880237442,-0.23728824627283523
2008-01-31,0.0899673353938295,0.29424726408191026,-0.20427992868808076
2008-02-29,0.08476833129682534,0.45723914733275517,-0.3724708160359298
2008-03-31,0.06622771072841602,0.379541985414506,-0.31331427468608997
2008-04-30,0.05437912948267428,0.4437949387788043,-0.38941580929613007
2008-05-31,0.04448772409201015,0.45629150642651295,-0.4118037823345028
2008-06-30,0.041118246929472545,0.47388703853777603,-0.4327687916083035
2008-07-31,0.025954417138050433,0.47855498507319233,-0.4526005679351419
2008-08-31,0.014754366012942765,0.4105221472697738,-0.39576778125683104
2008-09-30,0.02575962955868136,0.3423010763182831,-0.3165414467596017
2008-10-31,-0.005235614053945052,0.291634520580493,-0.29687013463443807
2008-11-30,-0.01795041112384285,0.34678591873212644,-0.36473632985596927
2008-12-31,0.06504755652652144,0.3134168296475017,-0.24836927312098028
2009-01-31,0.11568439899946212,0.35642831021176047,-0.24074391121229835
2009-02-28,0.13485747689257938,0.25902117017700105,-0.12416369328442167
2009-03-31,0.1584333416192591,0.27094097316404697,-0.11250763154478788
2009-04-30,0.1886910050794344,0.2469687407311297,-0.058277735651695306
2009-05-31,0.19838824083360174,0.22917206574827856,-0.03078382491467682
2009-06-30,0.20554538895045685,0.18809260384693605,0.0174527851035208
2009-07-31,0.221935578548033,0.15922538792822222,0.06271019061981079
2009-08-31,0.220400065368459,0.15233810682692933,0.06806195854152966
2009-09-30,0.20900228756929187,0.24124205475117763,-0.03223976718188576
2009-10-31,0.21050545044152746,0.3306902377167561,-0.12018478727522863
2009-11-30,0.1882346966069949,0.25847936095031865,-0.07024466434332374
2009-12-31,0.201661039687684,0.2880057187387323,-0.08634467905104831
2010-01-31,0.22350514958247816,0.27608816081754395,-0.052583011235065785
2010-02-28,0.23260537322016978,0.3473781563965073,-0.11477278317633755
2010-03-31,0.23031705771238345,0.3175650434923514,-0.08724798577996792
2010-04-30,0.23498003910684498,0.3352469089191922,-0.1002668698123472
2010-05-31,0.20985771460255997,0.33540201300188266,-0.12554429839932268
2010-06-30,0.20811075407596127,0.3473781563965073,-0.13926740232054605
2010-07-31,0.23177287801226434,0.24690297934551192,-0.015130101333247575
2010-08-31,0.23957871093559707,0.31942716754294415,-0.07984845660734707
2010-09-30,0.23263754812294415,0.30681724293878054,-0.07417969481583639
2010-10-31,0.2401411276827808,0.32804855386837356,-0.08790742618559277
2010-11-30,0.2499191197786084,0.3396915308297638,-0.08977241105115538
2010-12-31,0.24641845766869924,0.35081176188676444,-0.1043933042180652
2011-01-31,0.29340144510774785,0.3740026710996547,-0.08060122599190683
2011-02-28,0.32385377266200144,0.37832361880677445,-0.054469846144773015
2011-03-31,0.3234102842517797,0.4077848277541559,-0.08437454350237622
2011-04-30,0.3321173032278402,0.41852484114515653,-0.08640753791731631
2011-05-31,0.3326066675427352,0.44754226478790105,-0.11493559724516583
2011-06-30,0.3199167891702951,0.464469095246167,-0.14455230607587188
2011-07-31,0.30088656927356444,0.5641681266453584,-0.263281557371794
2011-08-31,0.2940255463739559,0.4701249913544637,-0.17609944498050778
2011-09-30,0.3014255075781748,0.4691076978236729,-0.16768219024549808
2011-10-31,0.28622752674078655,0.4675779897736683,-0.18135046303288177
2011-11-30,0.284755954782392,0.4669282125700569,-0.18217225778766488
2011-12-31,0.2878661497647719,0.46531879083059735,-0.17745264106582548
2012-01-31,0.2999933639312313,0.48084541446416895,-0.18085205053293762
2012-02-29,0.3204960764400634,0.42275183201335764,-0.10225575557329425
2012-03-31,0.3584603930070001,0.4332883806438932,-0.07482798763689308
2012-04-30,0.3686207873533196,0.4264437122611499,-0.05782292490783031
2012-05-31,0.3768432173779032,0.40354878139492467,-0.026705564017021455
2012-06-30,0.36485766610045944,0.3808874722722312,-0.016029806171771743
2012-07-31,0.3530080079447973,0.2940118051268402,0.05899620281795709
2012-08-31,0.364567215139996,0.3843811321000782,-0.019813916960082167
2012-09-30,0.3897490347189856,0.38375339429143895,0.0059956404275466335
2012-10-31,0.40234080295570707,0.3844722114504933,0.01786859150521375
2012-11-30,0.4008278026796473,0.38406665056940004,0.016761152110247257
2012-12-31,0.4096478329734819,0.3777349580511052,0.03191287492237671
2013-01-31,0.4349271408384806,0.34999275208184777,0.08493438875663284
2013-02-28,0.45413028008944534,0.4085369598188508,0.04559332027059454
2013-03-31,0.45568397058040183,0.37601646760423485,0.07966750297616698
2013-04-30,0.4463915358173819,0.39623085806662267,0.05016067775075922
2013-05-31,0.4509178245015102,0.3909893702832674,0.05992845421824278
2013-06-30,0.4573426473758478,0.39623085806662267,0.06111178930922512
2013-07-31,0.45695168278494863,0.5177003620108109,-0.0607486792258623
2013-08-31,0.4573355290627614,0.415985209008921,0.04135032005384043
2013-09-30,0.45151970980714423,0.4205949201784934,0.030924789628650806
2013-10-31,0.44664372692850307,0.40966256855884486,0.03698115836965821
2013-11-30,0.4437393305496209,0.4092106878137702,0.03452864273585071
2013-12-31,0.44988905310663585,0.40831346742005376,0.041575585686582095
2014-01-31,0.4533872388293371,0.41812400378988435,0.03526323503945278
2014-02-28,0.45497186134444817,0.39067113709641965,0.06430072424802852
2014-03-31,0.45057923047651904,0.39107068214625396,0.05950854833026509
2014-04-30,0.45140220329518993,0.37940977138599397,0.07199243190919596
2014-05-31,0.45795044997817963,0.37959456193057367,0.07835588804760596
2014-06-30,0.46450538837349636,0.37940977138599397,0.0850956169875024
2014-07-31,0.47783452282628336,0.3935146464186089,0.08431987640767447
2014-08-31,0.48450334340393836,0.39228084263373286,0.0922225007702055
2014-09-30,0.49210103925144655,0.5036123906809092,-0.01151135142946269
2014-10-31,0.49857807324331377,0.44153708250366636,0.05704099073964741
2014-11-30,0.5057309984817616,0.44103005504422926,0.06470094343753235
2014-12-31,0.5155077861104973,0.4301702489042865,0.08533753720621079
2015-01-31,0.5312960776629737,0.3948918358711056,0.1364042417918681
2015-02-28,0.5492919045937866,0.41363043606910505,0.13566146852468158
2015-03-31,0.5404187319133001,0.4091751063123172,0.13124362560098296
2015-04-30,0.5516616286959803,0.3447363783158846,0.20692525038009574
2015-05-31,0.5459049910764987,0.34973957944027895,0.19616541163621976
2015-06-30,0.5484765993621122,0.34959536299988514,0.1988812363622271
2015-07-31,0.551428416181028,0.3340081793638648,0.21742023681716321
2015-08-31,0.5451451671670031,0.35134796788012557,0.19379719928687755
2015-09-30,0.5449412370358965,0.3093492272334152,0.2355920098024813
2015-10-31,0.543780858879492,0.3176433684776306,0.22613749040186143
2015-11-30,0.5242071924618221,0.31743479034003497,0.20677240212178716
2015-12-31,0.5096567165610089,0.3219254006042253,0.18773131595678355
2016-01-31,0.5024971996595088,0.3316805444691615,0.17081665519034728
2016-02-29,0.5127761302968493,0.3494195444751352,0.16335658582171414
2016-03-31,0.5067807570634606,0.34514797547833503,0.16163278158512556
2016-04-30,0.5143689105081198,0.33664525304385684,0.177723657464263
2016-05-31,0.5149433478838301,0.3319209408843568,0.1830224069994733
2016-06-30,0.5092590752742656,0.32708152920380673,0.18217754607045888
2016-07-31,0.5192624868343443,0.32181674020842355,0.19744574662592074
2016-08-31,0.5244884742431085,0.4097846042538884,0.11470386998922011
2016-09-30,0.5447038922835432,0.33577211284276065,0.20893177944078256
2016-10-31,0.5653006642136806,0.2740468373226439,0.29125382689103674
2016-11-30,0.5783755943067528,0.2785438745287571,0.29983171977799566
2016-12-31,0.5713960288782456,0.27377321083499895,0.29762281804324664
2017-01-31,0.5685350070410744,0.2784246035183732,0.2901104035227012
2017-02-28,0.5755056977383938,0.2187236040615862,0.3567820936768076
2017-03-31,0.5880357619266976,0.24604961986757024,0.34198614205912736
2017-04-30,0.6078038606710127,0.31069724910949964,0.297106611561513
2017-05-31,0.6053866837510296,0.31079177396127633,0.2945949097897532
2017-06-30,0.6090160757110104,0.3061849311852021,0.3028311445258082
2017-07-31,0.6088060321261944,0.3058278884727394,0.30297814365345505
2017-08-31,0.6039304068078781,0.305739107690743,0.29819129911713516
2017-09-30,0.6055491212419595,0.282637199996458,0.3229119212455015
2017-10-31,0.6117198332297621,0.2916985315777819,0.3200213016519802
2017-11-30,0.6177234187427034,0.29147941705154384,0.3262440016911596
2017-12-31,0.6318389918315408,0.29587227568434127,0.33596671614719953
2018-01-31,0.6494721170572838,0.29587227568434127,0.35359984137294254
2018-02-28,0.6647477060382473,0.3550086241883518,0.3097390818498955
2018-03-31,0.6712270299738583,0.3320616650763425,0.3391653648975158
2018-04-30,0.6799717594013809,0.304429943460983,0.37554181594039787
2018-05-31,0.6931471805599453,0.31354416731477797,0.3796030132451673
2018-06-30,0.7057550923269997,0.32719662872485766,0.37855846360214207
2018-07-31,0.7058927010458115,0.3222578018632897,0.3836348991825218
2018-08-31,0.6956846089703619,0.3221533756600755,0.37353123331028637
2018-09-30,0.6798816799095295,0.33995462272481425,0.3399270571847153
2018-10-31,0.6504995495939817,0.32998045132001397,0.32051909827396774
2018-11-30,0.6272124154318147,0.32515050927852684,0.3020619061532879
2018-12-31,0.6201925881351734,0.32481303762459823,0.2953795505105752
2019-01-31,0.628781804605042,0.3203509124226412,0.3084308921824008
2019-02-28,0.648387445040916,0.30585708071700934,0.3425303643239067
2019-03-31,0.6745724149960657,0.30613135991184093,0.36844105508422476
2019-04-30,0.7036533630405425,0.3416236193823332,0.3620297436582093
2019-05-31,0.7096596858100277,0.33265415805210213,0.37700552775792556
2019-06-30,0.6949267666403759,0.3544727746036498,0.3404539920367261
2019-07-31,0.6853000323317076,0.3584470546267555,0.32685297770495203
2019-08-31,0.6627034291452222,0.36269510055048737,0.3000083285947348
2019-09-30,0.6586165661669373,0.3536286342220074,0.3049879319449299
2019-10-31,0.6706625732051631,0.3577246469170579,0.3129379262881052
2019-11-30,0.7027964926179256,0.3586113683920227,0.34418512422590297
2019-12-31,0.6926198934398983,0.34513839849913713,0.34748149494076114
2020-01-31,0.7163265851902668,0.2537620750963171,0.4625645100939497
2020-02-29,0.7022944060292974,0.32256326077106284,0.37973114525823454
2020-03-31,0.7335948617755976,0.33152724820439883,0.4020676135711988
2020-04-30,0.741169427732592,0.30496232810739465,0.4362070996251973
2020-05-31,0.7765625727121211,0.29643610733078235,0.4801264653813388
2020-06-30,0.7641369464313409,0.2617291294313304,0.5024078170000105
2020-07-31,0.7579971149973809,0.12109202132690766,0.6369050936704732
2020-08-31,0.7458192149976964,0.20626742595018877,0.5395517890475077
2020-09-30,0.7620281889671896,0.11704716580538144,0.6449810231618082
2020-10-31,0.7606799518268094,0.20631810488239266,0.5543618469444167
2020-11-30,0.7571603536423553,0.20633493075759923,0.5508254228847561
2020-12-31,0.7660207720237202,0.1851763926847656,0.5808443793389546
2021-01-31,0.7752431424879579,0.3357435569159525,0.4394995855720054
2021-02-28,0.7933537135155572,0.24013831395990037,0.5532153995556568
2021-03-31,0.799192393266089,0.2486016793597824,0.5505907139063067
2021-04-30,0.7897369510698954,0.2570148667039347,0.5327220843659607
2021-05-31,0.7926295451077653,0.26134712974696583,0.5312824153607995
2021-06-30,0.7872905286868465,0.25291315979944484,0.5343773688874016
2021-07-31,0.791829875075166,0.3846427172149859,0.4071871578601801
2021-08-31,0.7778969659335185,0.29151128382437247,0.48638568210914607
2021-09-30,0.769595918883778,0.28426238897676703,0.48533352990701095
2021-10-31,0.764849346578703,0.299812591776381,0.465036754802322
2021-11-30,0.7663956097812783,0.30398485372783524,0.46241075605344306
2021-12-31,0.7682516065928991,0.325738624571425,0.44251298202147415
2022-01-31,0.76914655527926,0.27384134065644344,0.49530521462281657
2022-02-28,0.7555329978350457,0.29470417014463035,0.46082882769041533
2022-03-31,0.7592600919466249,0.2988321377889065,0.4604279541577184
2022-04-30,0.7754001212076219,0.27767952583501376,0.49772059537260815
2022-05-31,0.7733195983315947,0.27778664741891074,0.49553295091268396
2022-06-30,0.7631133609995622,0.3031879821334422,0.45992537886611995
2022-07-31,0.7485728569443324,0.3031091594303674,0.445463697513965
2022-08-31,0.7190083191742817,0.3030304920429646,0.41597782713131704
2022-09-30,0.6995512119132925,0.4066982528881985,0.292852959025094
2022-10-31,0.6767208695596663,0.29292196632825984,0.3837989032314064
2022-11-30,0.6508832928917889,0.2833998789823723,0.36748341390941663
2022-12-31,0.6455955653113604,0.2853470814365752,0.3602484838747852
2023-01-31,0.6671792735604131,0.300553448669199,0.3666258248912141
2023-02-28,0.6833910056145808,0.27081299136083137,0.4125780142537494
2023-03-31,0.6928633718451129,0.26654375149566745,0.4263196203494455
2023-04-30,0.6841533031833509,0.28321259243125385,0.40094071075209703
2023-05-31,0.6666742181057488,0.2791199649187649,0.3875542531869839
2023-06-30,0.6522445673487789,0.27388569581089506,0.37835887153788383
2023-07-31,0.636634970296603,0.268828286166225,0.367806684130378
2023-08-31,0.6002677919592826,0.25994381365076513,0.34032397830851746
2023-09-30,0.5749253337372153,0.2722238203666814,0.3027015133705339
2023-10-31,0.5520358924126535,0.30481654798219765,0.24721934443045585
2023-11-30,0.5314207069242294,0.2922953002153379,0.23912540670889149
2023-12-31,0.5150104037343614,0.28800125410568134,0.22700914962868002
2024-01-31,0.5047695870889491,0.25895283603926633,0.2458167510496828
2024-02-29,0.49464333318288434,0.2751321758833598,0.21951115729952453
2024-03-31,0.510609267209543,0.2709886523759951,0.2396206148335479
2024-04-30,0.5047074272540549,0.2343703830855648,0.27033704416849014
2024-05-31,0.4749257064511639,0.2344629703656929,0.24046273608547097
2024-06-30,0.4519851237430572,0.24652246360230043,0.2054626601407568
2024-07-31,0.42892360350227093,0.2910800921636649,0.137843511338606
2024-08-31,0.40324155463921624,0.2910800921636649,0.11216146247555131
2024-09-30,0.38807635973549676,0.28283643988666085,0.1052399198488359
2024-10-31,0.4121886917511719,0.2523278628672161,0.1598608288839558
2024-11-30,0.41806560277689275,0.26362206876655037,0.1544435340103424
2024-12-31,0.40702233655677067,0.269105599994317,0.13791673656245368
2025-01-31,0.39852545499762376,0.29655583028422605,0.10196962471339771
2025-02-28,0.3919020415605438,0.2722909242411334,0.11961111731941043
2025-03-31,0.38893005206939385,0.2722909242411334,0.11663912782826047
2025-04-30,0.39039597390618813,0.2967136261357069,0.09368234777048123
2025-05-31,0.3888499802975698,0.29285946493967185,0.09599051535789793
2025-06-30,0.38083204793882897,0.27650841207210686,0.10432363586672211
2025-07-31,0.37807551509110165,0.2560913920703649,0.12198412302073675
2025-08-31,0.36841754080421807,0.2600443879589252,0.10837315284529286
2025-09-30,0.3837196242025268,0.26213108985994693,0.12158853434257988
2025-10-31,0.38881907431487606,0.2693944972629096,0.11942457705196646
2025-11-30,0.39912435601135426,0.27450809274435195,0.12461626326700231
2025-12-31,0.4016340048964406,0.2862758768220568,0.11535812807438378
2026-01-31,0.4107631337457196,0.2742252243090516,0.136537909436668
2026-02-28,0.4280927336300986,0.2978154092725005,0.1302773243575981
2026-03-31,0.4394985337125613,0.2978154092725005,0.14168312444006081
2026-04-30,0.4424646638324522,0.2978841223121841,0.1445805415202681
