date,sigma_all_observed,sigma_balanced,sigma_balanced_ex_kwuntong
1999-01-31,0.1955649442370448,,0.1955649442370448
1999-02-28,0.16889137805030688,,0.16889137805030688
1999-03-31,0.15426147899529027,,0.15426147899529027
1999-04-30,0.13635898034009267,,0.13635898034009267
1999-05-31,0.09536248372083553,,0.09536248372083553
1999-06-30,0.1018008834937996,,0.1018008834937996
1999-07-31,0.11966283319861296,,0.11966283319861296
1999-08-31,0.09590931000316937,,0.09590931000316937
1999-09-30,0.17185483420079567,,0.17185483420079567
1999-10-31,0.07363223333252839,,0.07363223333252839
1999-11-30,0.11541573770202457,,0.11541573770202457
1999-12-31,0.11769491852939229,,0.11769491852939229
2000-01-31,0.1148295615800094,,0.1148295615800094
2000-02-29,0.1596855967595683,,0.1596855967595683
2000-03-31,0.17996263796699255,,0.17996263796699255
2000-04-30,0.14679753901953632,,0.14679753901953632
2000-05-31,0.2911855038879381,,0.2911855038879381
2000-06-30,0.16603077056929438,,0.16603077056929438
2000-07-31,0.2667192732690665,,0.2667192732690665
2000-08-31,0.21899328846446942,,0.21899328846446942
2000-09-30,0.1504084522573656,,
2000-10-31,0.21562496983392457,,0.21562496983392457
2000-11-30,0.09281692420227153,,
2000-12-31,0.12018628838047338,,
2001-01-31,0.10705800214314776,,
2001-02-28,0.09137115521073819,,0.09137115521073819
2001-03-31,0.09104936126373128,,0.09104936126373128
2001-04-30,0.1160561123420136,,
2001-05-31,0.18891576999431128,,0.18891576999431128
2001-06-30,0.3800552466102955,,
2001-07-31,0.1730108809028916,,
2001-08-31,0.2127757117869343,,
2001-09-30,0.32064708643283296,,0.32064708643283296
2001-10-31,0.18618708040968307,,0.18618708040968307
2001-11-30,0.1538788096297753,,0.1538788096297753
2001-12-31,0.12033240296366711,,
2002-01-31,0.1480585178250103,,
2002-02-28,0.2894592655169637,,
2002-03-31,0.23012952760013644,,
2002-04-30,0.08069287357271683,,0.08069287357271683
2002-05-31,0.142043641230747,,
2002-06-30,0.18414195556884408,,
2002-07-31,0.10056820361950097,,
2002-08-31,0.11432713310512012,,0.11432713310512012
2002-09-30,0.09948026545870364,,0.09948026545870364
2002-10-31,0.07887229496246022,,
2002-11-30,0.15701455049699561,,0.15701455049699561
2002-12-31,0.08357674282978923,,0.08357674282978923
2003-01-31,0.2564580739155172,,
2003-02-28,0.20468654065029745,,0.20468654065029745
2003-03-31,0.2116565258938746,,0.2116565258938746
2003-04-30,0.17670069654442577,,0.17670069654442577
2003-05-31,0.17328426841854913,,
2003-06-30,0.13667691900527304,,
2003-07-31,0.17635165985361356,,
2003-08-31,0.17296477832313548,,
2003-09-30,0.11737954877032725,,0.11737954877032725
2003-10-31,0.10803092440782455,,
2003-11-30,0.08708722584646446,,
2003-12-31,0.2079433863996298,,0.2079433863996298
2004-01-31,0.19863426516670435,,
2004-02-29,0.38750050403487174,,
2004-03-31,0.20462195383176016,,
2004-04-30,0.1599841084661276,,
2004-05-31,0.20107700671418802,,
2004-06-30,0.25630567764202217,,
2004-07-31,0.13927783765068186,,
2004-08-31,0.2092181750528175,,
2004-09-30,0.11795151051023382,,0.11795151051023382
2004-10-31,0.15088362474809405,,0.15088362474809405
2004-11-30,0.19581867900624197,,
2004-12-31,0.13432460228228843,,0.13432460228228843
2005-01-31,0.2526456879248403,,0.2526456879248403
2005-02-28,0.27983184313641496,,
2005-03-31,0.23472155154308147,,
2005-04-30,0.22541486968865174,,0.22541486968865174
2005-05-31,0.21340767803983596,,0.21340767803983596
2005-06-30,0.15854576236638315,,0.15854576236638315
2005-07-31,0.12106591991024644,,0.12106591991024644
2005-08-31,0.15093742140751323,,0.15093742140751323
2005-09-30,0.19624596862130692,,0.19624596862130692
2005-10-31,0.16469627310661786,,0.16469627310661786
2005-11-30,0.13402118423374318,,0.13402118423374318
2005-12-31,0.24004552087447514,,0.24004552087447514
2006-01-31,0.1901262443660756,,0.1901262443660756
2006-02-28,0.2726536197164191,,0.2726536197164191
2006-03-31,0.23800478892766497,,0.23800478892766497
2006-04-30,0.2199959033886413,,0.2199959033886413
2006-05-31,0.13977219158684454,,0.13977219158684454
2006-06-30,0.305561534079864,,
2006-07-31,0.234191192734289,,0.234191192734289
2006-08-31,0.2062547591185546,,0.2062547591185546
2006-09-30,0.21494456064690198,,0.21494456064690198
2006-10-31,0.34558531038169255,,0.34558531038169255
2006-11-30,0.15818573276837805,,0.15818573276837805
2006-12-31,0.26193247995402014,,0.26193247995402014
2007-01-31,0.17920496047549753,,0.17920496047549753
2007-02-28,0.2070069949583356,,0.2070069949583356
2007-03-31,0.1909658771867727,,0.1909658771867727
2007-04-30,0.24693678555149884,,0.24693678555149884
2007-05-31,0.2832984471411309,,0.2832984471411309
2007-06-30,0.205026946921114,,0.205026946921114
2007-07-31,0.21633537342016604,,0.21633537342016604
2007-08-31,0.20977867966638117,,0.20977867966638117
2007-09-30,0.20731999447234917,,0.20731999447234917
2007-10-31,0.20653014450609514,,0.20653014450609514
2007-11-30,0.2232313859752495,,0.2232313859752495
2007-12-31,0.3443020610506421,,0.3443020610506421
2008-01-31,0.26922814340457507,,0.26922814340457507
2008-02-29,0.25595665697329417,,0.25595665697329417
2008-03-31,0.26179087166477044,,0.26179087166477044
2008-04-30,0.27744442012863346,,0.27744442012863346
2008-05-31,0.40741927320172633,,0.40741927320172633
2008-06-30,0.26620180440186925,,0.26620180440186925
2008-07-31,0.2832547944352044,,0.2832547944352044
2008-08-31,0.29099054640255667,,0.29099054640255667
2008-09-30,0.22984701711169664,,0.22984701711169664
2008-10-31,0.28475715110893707,,
2008-11-30,0.14382089256554456,,0.14382089256554456
2008-12-31,0.30583545580407384,,0.30583545580407384
2009-01-31,0.21361467473785692,,0.21361467473785692
2009-02-28,0.480159043889679,,
2009-03-31,0.25243105952932543,,
2009-04-30,0.25463675881572984,,0.25463675881572984
2009-05-31,0.3868033636302107,,0.3868033636302107
2009-06-30,0.19249982748115732,,0.19249982748115732
2009-07-31,0.2680480933468765,,0.2680480933468765
2009-08-31,0.1520385232656673,,0.1520385232656673
2009-09-30,0.1926380733076216,,0.1926380733076216
2009-10-31,0.20931283217375324,,0.20931283217375324
2009-11-30,0.16384206083425593,,0.16384206083425593
2009-12-31,0.28273495729098935,,0.28273495729098935
2010-01-31,0.2639586022795435,,0.2639586022795435
2010-02-28,0.2617792273865239,,0.2617792273865239
2010-03-31,0.22508949264370096,,0.22508949264370096
2010-04-30,0.3097488842480259,,0.3097488842480259
2010-05-31,0.21747378739795212,,0.21747378739795212
2010-06-30,0.29582759178372864,,0.29582759178372864
2010-07-31,0.24394400474479086,,0.24394400474479086
2010-08-31,0.28017415168178683,,0.28017415168178683
2010-09-30,0.25689051848720823,,0.25689051848720823
2010-10-31,0.30140157355703884,,0.30140157355703884
2010-11-30,0.18741733338790845,,0.18741733338790845
2010-12-31,0.2880956905033098,,0.2880956905033098
2011-01-31,0.21765459159042477,,0.21765459159042477
2011-02-28,0.3589228805372564,,
2011-03-31,0.30196416777880714,,0.30196416777880714
2011-04-30,0.30524534298410816,,0.30524534298410816
2011-05-31,0.26653265427980105,,0.26653265427980105
2011-06-30,0.3386893006062026,,0.3386893006062026
2011-07-31,0.23462090910575445,,0.23462090910575445
2011-08-31,0.2366346742469132,,0.2366346742469132
2011-09-30,0.1713677578372377,,0.1713677578372377
2011-10-31,0.2790201251163454,,0.2790201251163454
2011-11-30,0.18525684558790256,,0.18525684558790256
2011-12-31,0.22269210479113735,,0.22269210479113735
2012-01-31,0.32027479723063956,,0.32027479723063956
2012-02-29,0.25732712635526994,,0.25732712635526994
2012-03-31,0.2506818345156405,,0.2506818345156405
2012-04-30,0.3392959942739631,,0.3392959942739631
2012-05-31,0.33844627448303183,,0.33844627448303183
2012-06-30,0.1964910686686957,,0.1964910686686957
2012-07-31,0.3779302938369692,,0.3779302938369692
2012-08-31,0.4006582046436114,,0.4006582046436114
2012-09-30,0.3383773951969876,,0.3383773951969876
2012-10-31,0.18916180584620926,,0.18916180584620926
2012-11-30,0.18007302769618963,,0.18007302769618963
2012-12-31,0.3331883516505152,,0.3331883516505152
2013-01-31,0.2684194187268492,,0.2684194187268492
2013-02-28,0.37085403548721624,0.37085403548721624,0.27525205703410355
2013-03-31,0.32290447592882365,0.32290447592882365,0.24532705063875504
2013-04-30,0.3400888153427998,0.3400888153427998,0.24784122973601633
2013-05-31,0.37058699615176005,0.37058699615176005,0.3092349032327444
2013-06-30,0.31199133196275347,0.31199133196275347,0.2577487362881581
2013-07-31,0.35980871971153683,0.35980871971153683,0.25983779212259045
2013-08-31,0.31796520572102477,0.31796520572102477,0.21003255541595917
2013-09-30,0.25681343291596626,0.25681343291596626,0.184734057857073
2013-10-31,0.42001381491559403,0.42001381491559403,0.3864946620144836
2013-11-30,0.2707845025341434,0.2707845025341434,0.18053180304402638
2013-12-31,0.34813169862654164,0.34813169862654164,0.2582810655440821
2014-01-31,0.2952086285298751,0.2952086285298751,0.2040879997515386
2014-02-28,0.2733346635287672,0.2733346635287672,0.1822753370626317
2014-03-31,0.2997046685663073,0.2997046685663073,0.18451813909184597
2014-04-30,0.384394480806994,0.384394480806994,0.28736692331667696
2014-05-31,0.3465367283166044,0.3465367283166044,0.27145373229023606
2014-06-30,0.26146486014004267,0.26146486014004267,0.19241487406559832
2014-07-31,0.2715184316716802,0.2715184316716802,0.14773723461030291
2014-08-31,0.21396498580430828,0.21396498580430828,0.15687811778755073
2014-09-30,0.2716148803569759,0.2716148803569759,0.19077472457152397
2014-10-31,0.2711717594287045,0.2711717594287045,0.14218669910305723
2014-11-30,0.3169954810514522,0.3169954810514522,0.20307697263378152
2014-12-31,0.2920980657229656,0.2920980657229656,0.22997261750845946
2015-01-31,0.35658094203333224,0.35658094203333224,0.28281180129763384
2015-02-28,0.37552182079636004,0.37552182079636004,0.31389913221036564
2015-03-31,0.3423520211747471,0.3423520211747471,0.22460706243265158
2015-04-30,0.35446886809215944,0.35446886809215944,0.2840403391398187
2015-05-31,0.32708453490596806,0.32708453490596806,0.26668159513645806
2015-06-30,0.352271303205629,0.352271303205629,0.2991816396265325
2015-07-31,0.34385713870110457,0.34385713870110457,0.2909113579797613
2015-08-31,0.3379656567432691,0.3379656567432691,0.2947227851999297
2015-09-30,0.32335502450244274,0.32335502450244274,0.27918355132688494
2015-10-31,0.26853621498166347,0.26853621498166347,0.22132578993098145
2015-11-30,0.24688112120531247,0.24688112120531247,0.20297356319677382
2015-12-31,0.285887336418968,0.285887336418968,0.2299411923555886
2016-01-31,0.32742122559591424,0.32742122559591424,0.255069197923339
2016-02-29,0.28582657045887283,0.28582657045887283,0.20397571711719548
2016-03-31,0.2637558529686512,0.2637558529686512,0.20373675315833506
2016-04-30,0.3991514602576214,0.3991514602576214,0.3234683674197825
2016-05-31,0.3580449375706209,0.3580449375706209,0.26382189964846503
2016-06-30,0.34399091349032485,0.34399091349032485,0.30314332647200626
2016-07-31,0.3693671111668525,0.3693671111668525,0.3186252922203358
2016-08-31,0.36105929804564957,0.36105929804564957,0.28804712954382405
2016-09-30,0.3013789266587921,0.3013789266587921,0.22749967983186442
2016-10-31,0.3818618236664757,0.3818618236664757,0.2942871217701092
2016-11-30,0.26708829251774385,0.26708829251774385,0.17275728352179026
2016-12-31,0.37363873721323115,0.37363873721323115,0.2841069710718662
2017-01-31,0.3742354122803874,0.3742354122803874,0.2984613421567159
2017-02-28,0.32916686988472055,0.32916686988472055,0.2804306321362592
2017-03-31,0.343487232645309,0.343487232645309,0.20380352593977502
2017-04-30,0.3142962875412112,0.3142962875412112,0.2267229149998441
2017-05-31,0.34566227616379464,0.34566227616379464,0.302895407354898
2017-06-30,0.3026443799366374,0.3026443799366374,0.2241673054811701
2017-07-31,0.34789549293360406,0.34789549293360406,0.2731062600101946
2017-08-31,0.362093022726301,0.362093022726301,0.2857460682888595
2017-09-30,0.3440777453469122,0.3440777453469122,0.2739293320393995
2017-10-31,0.3046740220402846,0.3046740220402846,0.20114335466312028
2017-11-30,0.3099037282273176,0.3099037282273176,0.26015287148624705
2017-12-31,0.34496448968644927,0.34496448968644927,0.3168992718641946
2018-01-31,0.3709279420808303,0.3709279420808303,0.29866207297009006
2018-02-28,0.318198088692624,0.318198088692624,0.19788999726850137
2018-03-31,0.44995486149399955,0.44995486149399955,0.37813938539128794
2018-04-30,0.4044712685858626,0.4044712685858626,0.32503011201988974
2018-05-31,0.3774064165000373,0.3774064165000373,0.29625751394164757
2018-06-30,0.41526324637299367,0.41526324637299367,0.345985721750527
2018-07-31,0.364010879518324,0.364010879518324,0.3214375362910359
2018-08-31,0.4193063677906414,0.4193063677906414,0.36041314253911605
2018-09-30,0.4032909419835971,0.4032909419835971,0.3440794083810765
2018-10-31,0.27174764203968527,0.27174764203968527,0.1503925480312775
2018-11-30,0.30829146715979544,0.30829146715979544,0.22290826860098456
2018-12-31,0.48209205201663524,0.48209205201663524,0.4501779783862157
2019-01-31,0.4644960571054916,0.4644960571054916,0.3723967466030475
2019-02-28,0.4569893576895271,0.4569893576895271,0.3931799758315105
2019-03-31,0.32071832369968045,0.32071832369968045,0.2226000670221273
2019-04-30,0.35908586990604763,0.35908586990604763,0.2681267478753627
2019-05-31,0.4126398691762736,0.4126398691762736,0.3484399217020037
2019-06-30,0.29289915055999266,0.29289915055999266,0.19262099011446457
2019-07-31,0.33863400367983165,0.33863400367983165,0.25162787714450074
2019-08-31,0.3863124873310487,0.3863124873310487,0.30877608288023056
2019-09-30,0.27952771275276556,0.27952771275276556,0.20187627089862573
2019-10-31,0.45143317852198334,0.45143317852198334,0.3520790213308168
2019-11-30,0.3771833876123153,,
2019-12-31,0.31061873228371334,0.31061873228371334,0.24991335058533673
2020-01-31,0.39604607198649405,0.39604607198649405,0.30811466153691497
2020-02-29,0.34053234808605914,0.34053234808605914,0.2127683837923594
2020-03-31,0.37707917219288584,0.37707917219288584,0.29281396881494565
2020-04-30,0.37560487508748663,0.37560487508748663,0.2669423829607987
2020-05-31,0.3391600468128133,0.3391600468128133,0.22325496144107418
2020-06-30,0.23770123504125745,0.23770123504125745,0.15387265790248653
2020-07-31,0.2976358874836735,0.2976358874836735,0.17294713800827716
2020-08-31,0.3761252578667865,0.3761252578667865,0.28277884353964544
2020-09-30,0.3543899519121575,0.3543899519121575,0.2616817242715953
2020-10-31,0.2530778026927897,0.2530778026927897,0.14025949122560427
2020-11-30,0.3506026389391755,,
2020-12-31,0.3570862840000255,0.3570862840000255,0.255902267809232
2021-01-31,0.3376551618783853,0.3376551618783853,0.24983866078784514
2021-02-28,0.3543969764030248,0.3543969764030248,0.2538456196247118
2021-03-31,0.3046433349613338,0.3046433349613338,0.2165870222203143
2021-04-30,0.3240095738923738,0.3240095738923738,0.23265469194777075
2021-05-31,0.3231996618998815,0.3231996618998815,0.21300007780022456
2021-06-30,0.36275580665518425,0.36275580665518425,0.25190045181092596
2021-07-31,0.29235593340421456,0.29235593340421456,0.1840178211893688
2021-08-31,0.28760825793447475,0.28760825793447475,0.17229485164531524
2021-09-30,0.3491977138738537,0.3491977138738537,0.27016598061780794
2021-10-31,0.3143008242394854,0.3143008242394854,0.19345485330162493
2021-11-30,0.34759599964380783,0.34759599964380783,0.2541884462698551
2021-12-31,0.25810844855526677,0.25810844855526677,0.15126298802851004
2022-01-31,0.3170251066846497,0.3170251066846497,0.20754997129044012
2022-02-28,0.25884370959781217,0.25884370959781217,0.16898003995705477
2022-03-31,0.21092573911409948,0.21092573911409948,0.0965163121766637
2022-04-30,0.3261313639888205,0.3261313639888205,0.25794017833349747
2022-05-31,0.3279673154078368,0.3279673154078368,0.2099710553568159
2022-06-30,0.2942598761723047,0.2942598761723047,0.2098842631916963
2022-07-31,0.37673001577810467,0.37673001577810467,0.3254856759637045
2022-08-31,0.3733561078913311,0.3733561078913311,0.2927377048248761
2022-09-30,0.2821266305293514,0.2821266305293514,0.2143064398119745
2022-10-31,0.25274731914121024,0.25274731914121024,0.13129315876949388
2022-11-30,0.3009698352954566,0.3009698352954566,0.1973455302243947
2022-12-31,0.31395095056540273,0.31395095056540273,0.24783933518557827
2023-01-31,0.34088595895117935,0.34088595895117935,0.22411811027247844
2023-02-28,0.2990639818466422,0.2990639818466422,0.19237062768543992
2023-03-31,0.26087372555582095,0.26087372555582095,0.14500873040865847
2023-04-30,0.34010998508269114,0.34010998508269114,0.24460930249638438
2023-05-31,0.2410245870541974,0.2410245870541974,0.13580982051612184
2023-06-30,0.2975367548277843,0.2975367548277843,0.1972257018374854
2023-07-31,0.32242970510042257,0.32242970510042257,0.22219990733757095
2023-08-31,0.2582750835026237,0.2582750835026237,0.15475737434683967
2023-09-30,0.2891723383305237,0.2891723383305237,0.19277624070857094
2023-10-31,0.2509285414236998,0.2509285414236998,0.11403901256703143
2023-11-30,0.28486831548876124,0.28486831548876124,0.1773711966962851
2023-12-31,0.31138287221306954,0.31138287221306954,0.20795973009946458
2024-01-31,0.31153772011912256,0.31153772011912256,0.2162173523185347
2024-02-29,0.2956141076883166,0.2956141076883166,0.1922924076146365
2024-03-31,0.2029289487699227,0.2029289487699227,0.09550502042988102
2024-04-30,0.2929667200201035,0.2929667200201035,0.1917348469863103
2024-05-31,0.24294075512416446,0.24294075512416446,0.11277899186450364
2024-06-30,0.2943091597211988,0.2943091597211988,0.15205960477945032
2024-07-31,0.35244151605433205,0.35244151605433205,0.2576667077034202
2024-08-31,0.24079601066068146,0.24079601066068146,0.12211078892077798
2024-09-30,0.30705686514252595,0.30705686514252595,0.21140668303801877
2024-10-31,0.25321656214985844,0.25321656214985844,0.11855283966249308
2024-11-30,0.3220941888077894,0.3220941888077894,0.1976936821787095
2024-12-31,0.3462780343637604,0.3462780343637604,0.2544542416265503
2025-01-31,0.27118218253446386,0.27118218253446386,0.138781098496497
2025-02-28,0.2741713801062373,0.2741713801062373,0.16683440348870648
2025-03-31,0.2767880035122484,0.2767880035122484,0.19654485388695242
2025-04-30,0.29708469244843616,0.29708469244843616,0.20020483996517102
2025-05-31,0.39732416800509707,0.39732416800509707,0.30603405873008427
2025-06-30,0.33172043959937536,0.33172043959937536,0.27375536578774184
2025-07-31,0.3514349913489472,0.3514349913489472,0.27018798557599366
2025-08-31,0.29765172129704326,0.29765172129704326,0.23653772399430434
2025-09-30,0.2938510645271821,0.2938510645271821,0.18337343432481867
2025-10-31,0.29305144772968056,0.29305144772968056,0.17052365898247962
2025-11-30,0.3568207728141188,0.3568207728141188,0.2626674330676093
2025-12-31,0.3215561577201901,0.3215561577201901,0.2865327686118841
2026-01-31,0.30992680384904353,0.30992680384904353,0.24470920387683565
2026-02-28,0.4446802250862717,0.4446802250862717,0.30866613834422946
2026-03-31,0.2586540178442818,0.2586540178442818,0.20872290176540642
2026-04-30,0.33832381462459393,0.33832381462459393,0.25437614759727323
